[{"model": "admin.logentry", "pk": 1, "fields": {"action_time": "2022-12-28T10:27:53.575Z", "user": 1, "content_type": 11, "object_id": "1", "object_repr": "cftan925", "action_flag": 2, "change_message": "[{\"changed\": {\"fields\": [\"Contact\", \"Is freelancer\", \"Profile image\", \"Linkedin url\", \"Facebook url\", \"Github url\"]}}]"}}, {"model": "admin.logentry", "pk": 2, "fields": {"action_time": "2022-12-28T10:28:31.861Z", "user": 1, "content_type": 4, "object_id": "1", "object_repr": "cftan925", "action_flag": 2, "change_message": "[{\"changed\": {\"fields\": [\"First name\", \"Last name\"]}}]"}}, {"model": "admin.logentry", "pk": 3, "fields": {"action_time": "2022-12-28T10:28:44.183Z", "user": 1, "content_type": 4, "object_id": "1", "object_repr": "cftan925", "action_flag": 2, "change_message": "[]"}}, {"model": "admin.logentry", "pk": 4, "fields": {"action_time": "2022-12-28T10:34:17.812Z", "user": 1, "content_type": 16, "object_id": "1", "object_repr": "Software Development", "action_flag": 1, "change_message": "[{\"added\": {}}]"}}, {"model": "admin.logentry", "pk": 5, "fields": {"action_time": "2022-12-28T10:34:24.683Z", "user": 1, "content_type": 16, "object_id": "2", "object_repr": "Data Science", "action_flag": 1, "change_message": "[{\"added\": {}}]"}}, {"model": "admin.logentry", "pk": 6, "fields": {"action_time": "2022-12-28T10:34:33.892Z", "user": 1, "content_type": 16, "object_id": "3", "object_repr": "Web Development", "action_flag": 1, "change_message": "[{\"added\": {}}]"}}, {"model": "admin.logentry", "pk": 7, "fields": {"action_time": "2022-12-28T10:34:46.100Z", "user": 1, "content_type": 16, "object_id": "4", "object_repr": "UI/UX", "action_flag": 1, "change_message": "[{\"added\": {}}]"}}, {"model": "admin.logentry", "pk": 8, "fields": {"action_time": "2022-12-28T10:37:24.745Z", "user": 1, "content_type": 15, "object_id": "1", "object_repr": "cftan925", "action_flag": 1, "change_message": "[{\"added\": {}}]"}}, {"model": "admin.logentry", "pk": 9, "fields": {"action_time": "2022-12-28T10:37:35.618Z", "user": 1, "content_type": 11, "object_id": "1", "object_repr": "cftan925", "action_flag": 2, "change_message": "[]"}}, {"model": "admin.logentry", "pk": 10, "fields": {"action_time": "2022-12-28T10:43:01.218Z", "user": 1, "content_type": 15, "object_id": "1", "object_repr": "cftan925", "action_flag": 2, "change_message": "[{\"changed\": {\"fields\": [\"Skillset\"]}}]"}}, {"model": "admin.logentry", "pk": 11, "fields": {"action_time": "2023-01-07T03:25:01.880Z", "user": 1, "content_type": 4, "object_id": "2", "object_repr": "kaixuan", "action_flag": 1, "change_message": "[{\"added\": {}}]"}}, {"model": "admin.logentry", "pk": 12, "fields": {"action_time": "2023-01-07T03:26:35.163Z", "user": 1, "content_type": 4, "object_id": "2", "object_repr": "kaixuan", "action_flag": 2, "change_message": "[{\"changed\": {\"fields\": [\"First name\", \"Last name\", \"Email address\"]}}, {\"changed\": {\"name\": \"Profile\", \"object\": \"kaixuan\", \"fields\": [\"Contact\", \"Is freelancer\", \"Profile image\", \"Linkedin url\", \"Facebook url\", \"Github url\"]}}]"}}, {"model": "admin.logentry", "pk": 13, "fields": {"action_time": "2023-01-07T03:28:45.555Z", "user": 1, "content_type": 14, "object_id": "1", "object_repr": "Software Development", "action_flag": 1, "change_message": "[{\"added\": {}}]"}}, {"model": "admin.logentry", "pk": 14, "fields": {"action_time": "2023-01-07T03:29:19.929Z", "user": 1, "content_type": 14, "object_id": "2", "object_repr": "Marketing", "action_flag": 1, "change_message": "[{\"added\": {}}]"}}, {"model": "admin.logentry", "pk": 15, "fields": {"action_time": "2023-01-07T03:30:18.063Z", "user": 1, "content_type": 12, "object_id": "1", "object_repr": "Completed", "action_flag": 1, "change_message": "[{\"added\": {}}]"}}, {"model": "admin.logentry", "pk": 16, "fields": {"action_time": "2023-01-07T03:30:24.781Z", "user": 1, "content_type": 12, "object_id": "1", "object_repr": "Completed", "action_flag": 2, "change_message": "[]"}}, {"model": "admin.logentry", "pk": 17, "fields": {"action_time": "2023-01-07T03:32:44.778Z", "user": 1, "content_type": 12, "object_id": "2", "object_repr": "Completed", "action_flag": 1, "change_message": "[{\"added\": {}}]"}}, {"model": "admin.logentry", "pk": 18, "fields": {"action_time": "2023-01-07T04:34:20.981Z", "user": 1, "content_type": 4, "object_id": "3", "object_repr": "User1", "action_flag": 1, "change_message": "[{\"added\": {}}]"}}, {"model": "admin.logentry", "pk": 19, "fields": {"action_time": "2023-01-07T04:34:43.542Z", "user": 1, "content_type": 11, "object_id": "3", "object_repr": "User1", "action_flag": 2, "change_message": "[{\"changed\": {\"fields\": [\"Contact\", \"Is freelancer\", \"Profile image\", \"Linkedin url\", \"Facebook url\", \"Github url\"]}}]"}}, {"model": "admin.logentry", "pk": 20, "fields": {"action_time": "2023-01-07T04:34:58.444Z", "user": 1, "content_type": 4, "object_id": "3", "object_repr": "User1", "action_flag": 2, "change_message": "[{\"changed\": {\"fields\": [\"First name\", \"Last name\", \"Email address\"]}}]"}}, {"model": "admin.logentry", "pk": 21, "fields": {"action_time": "2023-01-07T04:35:19.959Z", "user": 1, "content_type": 15, "object_id": "2", "object_repr": "User1", "action_flag": 1, "change_message": "[{\"added\": {}}]"}}, {"model": "admin.logentry", "pk": 22, "fields": {"action_time": "2023-01-07T06:21:46.107Z", "user": 1, "content_type": 14, "object_id": "3", "object_repr": "Software Development 2", "action_flag": 1, "change_message": "[{\"added\": {}}]"}}, {"model": "admin.logentry", "pk": 23, "fields": {"action_time": "2023-01-08T16:48:23.951Z", "user": 1, "content_type": 14, "object_id": "3", "object_repr": "Software Development 2", "action_flag": 2, "change_message": "[{\"changed\": {\"fields\": [\"Image\"]}}]"}}, {"model": "admin.logentry", "pk": 24, "fields": {"action_time": "2023-01-08T16:48:35.862Z", "user": 1, "content_type": 14, "object_id": "2", "object_repr": "Marketing", "action_flag": 2, "change_message": "[{\"changed\": {\"fields\": [\"Image\"]}}]"}}, {"model": "admin.logentry", "pk": 25, "fields": {"action_time": "2023-01-08T16:48:50.164Z", "user": 1, "content_type": 14, "object_id": "3", "object_repr": "Business Analysis", "action_flag": 2, "change_message": "[{\"changed\": {\"fields\": [\"Title\"]}}]"}}, {"model": "admin.logentry", "pk": 26, "fields": {"action_time": "2023-01-08T16:49:09.156Z", "user": 1, "content_type": 14, "object_id": "3", "object_repr": "Business Analysis", "action_flag": 2, "change_message": "[{\"changed\": {\"fields\": [\"Description\"]}}]"}}, {"model": "admin.logentry", "pk": 27, "fields": {"action_time": "2023-01-08T16:56:20.798Z", "user": 1, "content_type": 14, "object_id": "1", "object_repr": "Software Development", "action_flag": 2, "change_message": "[{\"changed\": {\"fields\": [\"Image\"]}}]"}}, {"model": "admin.logentry", "pk": 28, "fields": {"action_time": "2023-01-09T01:45:03.956Z", "user": 1, "content_type": 11, "object_id": "3", "object_repr": "User1", "action_flag": 2, "change_message": "[{\"changed\": {\"fields\": [\"Profile image\"]}}]"}}, {"model": "admin.logentry", "pk": 29, "fields": {"action_time": "2023-01-09T03:32:03.603Z", "user": 1, "content_type": 4, "object_id": "4", "object_repr": "User2", "action_flag": 1, "change_message": "[{\"added\": {}}]"}}, {"model": "admin.logentry", "pk": 30, "fields": {"action_time": "2023-01-09T03:32:53.235Z", "user": 1, "content_type": 11, "object_id": "4", "object_repr": "User2", "action_flag": 2, "change_message": "[{\"changed\": {\"fields\": [\"Contact\", \"Is freelancer\", \"Profile image\", \"Linkedin url\", \"Facebook url\", \"Github url\"]}}]"}}, {"model": "admin.logentry", "pk": 31, "fields": {"action_time": "2023-01-09T03:33:28.545Z", "user": 1, "content_type": 15, "object_id": "3", "object_repr": "User2", "action_flag": 1, "change_message": "[{\"added\": {}}]"}}, {"model": "admin.logentry", "pk": 32, "fields": {"action_time": "2023-01-09T03:55:11.921Z", "user": 1, "content_type": 11, "object_id": "1", "object_repr": "cftan925", "action_flag": 2, "change_message": "[{\"changed\": {\"fields\": [\"Profile image\"]}}]"}}, {"model": "admin.logentry", "pk": 33, "fields": {"action_time": "2023-01-09T04:02:18.543Z", "user": 1, "content_type": 11, "object_id": "2", "object_repr": "kaixuan", "action_flag": 2, "change_message": "[{\"changed\": {\"fields\": [\"Profile image\"]}}]"}}, {"model": "admin.logentry", "pk": 34, "fields": {"action_time": "2023-01-09T04:02:30.201Z", "user": 1, "content_type": 11, "object_id": "3", "object_repr": "User1", "action_flag": 2, "change_message": "[{\"changed\": {\"fields\": [\"Profile image\"]}}]"}}, {"model": "admin.logentry", "pk": 35, "fields": {"action_time": "2023-01-09T04:26:11.908Z", "user": 1, "content_type": 11, "object_id": "1", "object_repr": "cftan925", "action_flag": 2, "change_message": "[]"}}, {"model": "admin.logentry", "pk": 36, "fields": {"action_time": "2023-01-17T03:13:39.534Z", "user": 1, "content_type": 18, "object_id": "1", "object_repr": "03142ab0737da699429bceba4aff16279986167e", "action_flag": 1, "change_message": "[{\"added\": {}}]"}}, {"model": "admin.logentry", "pk": 37, "fields": {"action_time": "2023-01-17T13:27:06.513Z", "user": 1, "content_type": 18, "object_id": "2", "object_repr": "ca2e31b15f14a8118603aba1be22d62fb5ce3279", "action_flag": 1, "change_message": "[{\"added\": {}}]"}}, {"model": "admin.logentry", "pk": 38, "fields": {"action_time": "2023-01-20T14:55:27.156Z", "user": 1, "content_type": 18, "object_id": "3", "object_repr": "d2eab4c6e5736044dc9d38c4b108d880a10a3774", "action_flag": 1, "change_message": "[{\"added\": {}}]"}}, {"model": "admin.logentry", "pk": 39, "fields": {"action_time": "2023-01-20T17:21:15.760Z", "user": 1, "content_type": 11, "object_id": "29", "object_repr": "newuser24", "action_flag": 2, "change_message": "[{\"changed\": {\"fields\": [\"Is freelancer\"]}}]"}}, {"model": "admin.logentry", "pk": 40, "fields": {"action_time": "2023-01-21T08:25:16.080Z", "user": 1, "content_type": 11, "object_id": "53", "object_repr": "newuser48", "action_flag": 2, "change_message": "[{\"changed\": {\"fields\": [\"Contact\"]}}]"}}, {"model": "admin.logentry", "pk": 41, "fields": {"action_time": "2023-01-21T09:25:18.774Z", "user": 1, "content_type": 15, "object_id": "17", "object_repr": "cftan925", "action_flag": 2, "change_message": "[{\"changed\": {\"fields\": [\"Skillset\", \"Introduction\"]}}]"}}, {"model": "admin.logentry", "pk": 42, "fields": {"action_time": "2023-01-21T15:48:29.064Z", "user": 1, "content_type": 14, "object_id": "5", "object_repr": "House Cleaning", "action_flag": 1, "change_message": "[{\"added\": {}}]"}}, {"model": "admin.logentry", "pk": 43, "fields": {"action_time": "2023-01-21T15:49:05.594Z", "user": 1, "content_type": 12, "object_id": "3", "object_repr": "3 16 Lorem Ipsum is simply dummy text of the printing and typesetting industry. Lorem Ipsum has been the industry standard dummy text ever since the 1500s, when an unknown printer took a galley of typ", "action_flag": 1, "change_message": "[{\"added\": {}}]"}}, {"model": "admin.logentry", "pk": 44, "fields": {"action_time": "2023-01-21T18:54:23.021Z", "user": 1, "content_type": 12, "object_id": "4", "object_repr": "4 16 Lorem Ipsum is simply dummy text of the printing and typesetting industry. Lorem Ipsum has been the industry standard dummy text ever since the 1500s, when an unknown printer took a galley of typ", "action_flag": 1, "change_message": "[{\"added\": {}}]"}}, {"model": "admin.logentry", "pk": 45, "fields": {"action_time": "2023-01-22T10:18:10.817Z", "user": 1, "content_type": 11, "object_id": "20", "object_repr": "newuser15", "action_flag": 2, "change_message": "[{\"changed\": {\"fields\": [\"Is freelancer\"]}}]"}}, {"model": "auth.permission", "pk": 1, "fields": {"name": "Can add log entry", "content_type": 1, "codename": "add_logentry"}}, {"model": "auth.permission", "pk": 2, "fields": {"name": "Can change log entry", "content_type": 1, "codename": "change_logentry"}}, {"model": "auth.permission", "pk": 3, "fields": {"name": "Can delete log entry", "content_type": 1, "codename": "delete_logentry"}}, {"model": "auth.permission", "pk": 4, "fields": {"name": "Can view log entry", "content_type": 1, "codename": "view_logentry"}}, {"model": "auth.permission", "pk": 5, "fields": {"name": "Can add permission", "content_type": 2, "codename": "add_permission"}}, {"model": "auth.permission", "pk": 6, "fields": {"name": "Can change permission", "content_type": 2, "codename": "change_permission"}}, {"model": "auth.permission", "pk": 7, "fields": {"name": "Can delete permission", "content_type": 2, "codename": "delete_permission"}}, {"model": "auth.permission", "pk": 8, "fields": {"name": "Can view permission", "content_type": 2, "codename": "view_permission"}}, {"model": "auth.permission", "pk": 9, "fields": {"name": "Can add group", "content_type": 3, "codename": "add_group"}}, {"model": "auth.permission", "pk": 10, "fields": {"name": "Can change group", "content_type": 3, "codename": "change_group"}}, {"model": "auth.permission", "pk": 11, "fields": {"name": "Can delete group", "content_type": 3, "codename": "delete_group"}}, {"model": "auth.permission", "pk": 12, "fields": {"name": "Can view group", "content_type": 3, "codename": "view_group"}}, {"model": "auth.permission", "pk": 13, "fields": {"name": "Can add user", "content_type": 4, "codename": "add_user"}}, {"model": "auth.permission", "pk": 14, "fields": {"name": "Can change user", "content_type": 4, "codename": "change_user"}}, {"model": "auth.permission", "pk": 15, "fields": {"name": "Can delete user", "content_type": 4, "codename": "delete_user"}}, {"model": "auth.permission", "pk": 16, "fields": {"name": "Can view user", "content_type": 4, "codename": "view_user"}}, {"model": "auth.permission", "pk": 17, "fields": {"name": "Can add content type", "content_type": 5, "codename": "add_contenttype"}}, {"model": "auth.permission", "pk": 18, "fields": {"name": "Can change content type", "content_type": 5, "codename": "change_contenttype"}}, {"model": "auth.permission", "pk": 19, "fields": {"name": "Can delete content type", "content_type": 5, "codename": "delete_contenttype"}}, {"model": "auth.permission", "pk": 20, "fields": {"name": "Can view content type", "content_type": 5, "codename": "view_contenttype"}}, {"model": "auth.permission", "pk": 21, "fields": {"name": "Can add session", "content_type": 6, "codename": "add_session"}}, {"model": "auth.permission", "pk": 22, "fields": {"name": "Can change session", "content_type": 6, "codename": "change_session"}}, {"model": "auth.permission", "pk": 23, "fields": {"name": "Can delete session", "content_type": 6, "codename": "delete_session"}}, {"model": "auth.permission", "pk": 24, "fields": {"name": "Can view session", "content_type": 6, "codename": "view_session"}}, {"model": "auth.permission", "pk": 25, "fields": {"name": "Can add About", "content_type": 7, "codename": "add_about"}}, {"model": "auth.permission", "pk": 26, "fields": {"name": "Can change About", "content_type": 7, "codename": "change_about"}}, {"model": "auth.permission", "pk": 27, "fields": {"name": "Can delete About", "content_type": 7, "codename": "delete_about"}}, {"model": "auth.permission", "pk": 28, "fields": {"name": "Can view About", "content_type": 7, "codename": "view_about"}}, {"model": "auth.permission", "pk": 29, "fields": {"name": "Can add Contact", "content_type": 8, "codename": "add_contact"}}, {"model": "auth.permission", "pk": 30, "fields": {"name": "Can change Contact", "content_type": 8, "codename": "change_contact"}}, {"model": "auth.permission", "pk": 31, "fields": {"name": "Can delete Contact", "content_type": 8, "codename": "delete_contact"}}, {"model": "auth.permission", "pk": 32, "fields": {"name": "Can view Contact", "content_type": 8, "codename": "view_contact"}}, {"model": "auth.permission", "pk": 33, "fields": {"name": "Can add Footer", "content_type": 9, "codename": "add_footer"}}, {"model": "auth.permission", "pk": 34, "fields": {"name": "Can change Footer", "content_type": 9, "codename": "change_footer"}}, {"model": "auth.permission", "pk": 35, "fields": {"name": "Can delete Footer", "content_type": 9, "codename": "delete_footer"}}, {"model": "auth.permission", "pk": 36, "fields": {"name": "Can view Footer", "content_type": 9, "codename": "view_footer"}}, {"model": "auth.permission", "pk": 37, "fields": {"name": "Can add Notification", "content_type": 10, "codename": "add_notification"}}, {"model": "auth.permission", "pk": 38, "fields": {"name": "Can change Notification", "content_type": 10, "codename": "change_notification"}}, {"model": "auth.permission", "pk": 39, "fields": {"name": "Can delete Notification", "content_type": 10, "codename": "delete_notification"}}, {"model": "auth.permission", "pk": 40, "fields": {"name": "Can view Notification", "content_type": 10, "codename": "view_notification"}}, {"model": "auth.permission", "pk": 41, "fields": {"name": "Can add Profile", "content_type": 11, "codename": "add_profile"}}, {"model": "auth.permission", "pk": 42, "fields": {"name": "Can change Profile", "content_type": 11, "codename": "change_profile"}}, {"model": "auth.permission", "pk": 43, "fields": {"name": "Can delete Profile", "content_type": 11, "codename": "delete_profile"}}, {"model": "auth.permission", "pk": 44, "fields": {"name": "Can view Profile", "content_type": 11, "codename": "view_profile"}}, {"model": "auth.permission", "pk": 45, "fields": {"name": "Can add Booking", "content_type": 12, "codename": "add_booking"}}, {"model": "auth.permission", "pk": 46, "fields": {"name": "Can change Booking", "content_type": 12, "codename": "change_booking"}}, {"model": "auth.permission", "pk": 47, "fields": {"name": "Can delete Booking", "content_type": 12, "codename": "delete_booking"}}, {"model": "auth.permission", "pk": 48, "fields": {"name": "Can view Booking", "content_type": 12, "codename": "view_booking"}}, {"model": "auth.permission", "pk": 49, "fields": {"name": "Can add Chat", "content_type": 13, "codename": "add_chat"}}, {"model": "auth.permission", "pk": 50, "fields": {"name": "Can change Chat", "content_type": 13, "codename": "change_chat"}}, {"model": "auth.permission", "pk": 51, "fields": {"name": "Can delete Chat", "content_type": 13, "codename": "delete_chat"}}, {"model": "auth.permission", "pk": 52, "fields": {"name": "Can view Chat", "content_type": 13, "codename": "view_chat"}}, {"model": "auth.permission", "pk": 53, "fields": {"name": "Can add Service", "content_type": 14, "codename": "add_service"}}, {"model": "auth.permission", "pk": 54, "fields": {"name": "Can change Service", "content_type": 14, "codename": "change_service"}}, {"model": "auth.permission", "pk": 55, "fields": {"name": "Can delete Service", "content_type": 14, "codename": "delete_service"}}, {"model": "auth.permission", "pk": 56, "fields": {"name": "Can view Service", "content_type": 14, "codename": "view_service"}}, {"model": "auth.permission", "pk": 57, "fields": {"name": "Can add Freelancer", "content_type": 15, "codename": "add_freelancer"}}, {"model": "auth.permission", "pk": 58, "fields": {"name": "Can change Freelancer", "content_type": 15, "codename": "change_freelancer"}}, {"model": "auth.permission", "pk": 59, "fields": {"name": "Can delete Freelancer", "content_type": 15, "codename": "delete_freelancer"}}, {"model": "auth.permission", "pk": 60, "fields": {"name": "Can view Freelancer", "content_type": 15, "codename": "view_freelancer"}}, {"model": "auth.permission", "pk": 61, "fields": {"name": "Can add skills", "content_type": 16, "codename": "add_skills"}}, {"model": "auth.permission", "pk": 62, "fields": {"name": "Can change skills", "content_type": 16, "codename": "change_skills"}}, {"model": "auth.permission", "pk": 63, "fields": {"name": "Can delete skills", "content_type": 16, "codename": "delete_skills"}}, {"model": "auth.permission", "pk": 64, "fields": {"name": "Can view skills", "content_type": 16, "codename": "view_skills"}}, {"model": "auth.permission", "pk": 65, "fields": {"name": "Can add skill", "content_type": 16, "codename": "add_skill"}}, {"model": "auth.permission", "pk": 66, "fields": {"name": "Can change skill", "content_type": 16, "codename": "change_skill"}}, {"model": "auth.permission", "pk": 67, "fields": {"name": "Can delete skill", "content_type": 16, "codename": "delete_skill"}}, {"model": "auth.permission", "pk": 68, "fields": {"name": "Can view skill", "content_type": 16, "codename": "view_skill"}}, {"model": "auth.permission", "pk": 69, "fields": {"name": "Can add Token", "content_type": 17, "codename": "add_token"}}, {"model": "auth.permission", "pk": 70, "fields": {"name": "Can change Token", "content_type": 17, "codename": "change_token"}}, {"model": "auth.permission", "pk": 71, "fields": {"name": "Can delete Token", "content_type": 17, "codename": "delete_token"}}, {"model": "auth.permission", "pk": 72, "fields": {"name": "Can view Token", "content_type": 17, "codename": "view_token"}}, {"model": "auth.permission", "pk": 73, "fields": {"name": "Can add token", "content_type": 18, "codename": "add_tokenproxy"}}, {"model": "auth.permission", "pk": 74, "fields": {"name": "Can change token", "content_type": 18, "codename": "change_tokenproxy"}}, {"model": "auth.permission", "pk": 75, "fields": {"name": "Can delete token", "content_type": 18, "codename": "delete_tokenproxy"}}, {"model": "auth.permission", "pk": 76, "fields": {"name": "Can view token", "content_type": 18, "codename": "view_tokenproxy"}}, {"model": "auth.user", "pk": 1, "fields": {"password": "pbkdf2_sha256$390000$AkYyJQZXIyULeqUHjPEgdv$CNKfVvZNyjSXw9eNwwswUKU+e+50X4C7G3qnL0JuwPM=", "last_login": "2023-01-22T16:08:44.145Z", "is_superuser": true, "username": "cftan925", "first_name": "Chi Feng", "last_name": "Tan", "email": "cftan925@gmail.com", "is_staff": true, "is_active": true, "date_joined": "2022-12-28T10:27:04Z", "groups": [], "user_permissions": []}}, {"model": "auth.user", "pk": 2, "fields": {"password": "pbkdf2_sha256$390000$AsEjWKrt4M2OXLJ8BxvPzH$wmwqIeW7rHhOMEtJMP0wwbHVDBI8F8gN6rmY94UllLg=", "last_login": null, "is_superuser": false, "username": "kaixuan", "first_name": "Kai Xuan", "last_name": "Heng", "email": "xuanxuan277@gmail.com", "is_staff": false, "is_active": true, "date_joined": "2023-01-07T03:25:01Z", "groups": [], "user_permissions": []}}, {"model": "auth.user", "pk": 3, "fields": {"password": "pbkdf2_sha256$390000$qWyT41Rvhs7kzRy4eGrTZO$S59mo8wmmU9/ZcV5h8JE1GIdUtTP3jid1KWDTpYWvYI=", "last_login": null, "is_superuser": false, "username": "User1", "first_name": "User", "last_name": "1", "email": "chifeng@student.usm.my", "is_staff": false, "is_active": true, "date_joined": "2023-01-07T04:34:20Z", "groups": [], "user_permissions": []}}, {"model": "auth.user", "pk": 4, "fields": {"password": "pbkdf2_sha256$390000$SkcuEJZddHi4r7O0IMXBbH$DJ8RWBUctZ11tj+p6tHcNxopDEf/CPyZOHodzmvVdog=", "last_login": null, "is_superuser": false, "username": "User2", "first_name": "", "last_name": "", "email": "", "is_staff": false, "is_active": true, "date_joined": "2023-01-09T03:32:03.475Z", "groups": [], "user_permissions": []}}, {"model": "auth.user", "pk": 5, "fields": {"password": "@Bc12345", "last_login": null, "is_superuser": false, "username": "john", "first_name": "", "last_name": "", "email": "", "is_staff": false, "is_active": true, "date_joined": "2023-01-17T03:48:13.674Z", "groups": [], "user_permissions": []}}, {"model": "auth.user", "pk": 6, "fields": {"password": "@Bc12345", "last_login": null, "is_superuser": false, "username": "newuser", "first_name": "", "last_name": "", "email": "", "is_staff": false, "is_active": true, "date_joined": "2023-01-17T03:53:01.062Z", "groups": [], "user_permissions": []}}, {"model": "auth.user", "pk": 7, "fields": {"password": "@Bc12345", "last_login": null, "is_superuser": false, "username": "newuser2", "first_name": "", "last_name": "", "email": "", "is_staff": false, "is_active": true, "date_joined": "2023-01-17T03:54:20.346Z", "groups": [], "user_permissions": []}}, {"model": "auth.user", "pk": 8, "fields": {"password": "pbkdf2_sha256$390000$OkcA4s6VKiQ8VRw3QWONnn$b5ZxFkoWX5lZaz2RLFRF/y3UvXke5mpES48BUQPyQUI=", "last_login": null, "is_superuser": false, "username": "newuser3", "first_name": "", "last_name": "", "email": "", "is_staff": false, "is_active": true, "date_joined": "2023-01-17T03:54:47.255Z", "groups": [], "user_permissions": []}}, {"model": "auth.user", "pk": 9, "fields": {"password": "pbkdf2_sha256$390000$R35m3Jc1Uh7zL317ourUxx$+BpwfzPYS/r+YCDVbwjpiTg5xOC63mxtradHCzbgQLw=", "last_login": null, "is_superuser": false, "username": "newuser4", "first_name": "", "last_name": "", "email": "", "is_staff": false, "is_active": true, "date_joined": "2023-01-17T03:56:52.681Z", "groups": [], "user_permissions": []}}, {"model": "auth.user", "pk": 10, "fields": {"password": "pbkdf2_sha256$390000$VP1t74rb4Qk9KSQbY1H8Ku$kEKLq8iVELIAwQF1aUXHc93if3QRgBs96QUUmorCECg=", "last_login": null, "is_superuser": false, "username": "newuser5", "first_name": "Chi Feng", "last_name": "Tan", "email": "chifeng.tan@aiesec.net", "is_staff": false, "is_active": true, "date_joined": "2023-01-17T05:02:44.090Z", "groups": [], "user_permissions": []}}, {"model": "auth.user", "pk": 11, "fields": {"password": "pbkdf2_sha256$390000$IMPtKKuX5ShitGoOmvN5h6$aTtt5ZGRKwA7Ftq7b5s+xE6FbRN8T2D79n3h2GDCF0Y=", "last_login": null, "is_superuser": false, "username": "newuser6", "first_name": "", "last_name": "", "email": "", "is_staff": false, "is_active": true, "date_joined": "2023-01-17T14:15:04.952Z", "groups": [], "user_permissions": []}}, {"model": "auth.user", "pk": 12, "fields": {"password": "pbkdf2_sha256$390000$BFPUWg5R24wAGLGx17f4nT$m3mTrrrZ6psswuk1ro3/UnkZbwIFCwwtL3TraebjDfg=", "last_login": null, "is_superuser": false, "username": "newuser7", "first_name": "", "last_name": "", "email": "", "is_staff": false, "is_active": true, "date_joined": "2023-01-17T14:20:02.048Z", "groups": [], "user_permissions": []}}, {"model": "auth.user", "pk": 13, "fields": {"password": "pbkdf2_sha256$390000$7FLT1o4LCnxYFAZPl0JTc1$UAE8sAJluFBJ4kQFYpkPIYYpvQUHMT/K1E9YvkiYYCw=", "last_login": null, "is_superuser": false, "username": "newuser8", "first_name": "", "last_name": "", "email": "", "is_staff": false, "is_active": true, "date_joined": "2023-01-17T14:20:28.003Z", "groups": [], "user_permissions": []}}, {"model": "auth.user", "pk": 14, "fields": {"password": "pbkdf2_sha256$390000$KyltnoHqM6SNXFyp9J3H93$RCo6sA514upspjL+E+AhCxgy8yttVj5g9cO7RmD/GhA=", "last_login": null, "is_superuser": false, "username": "newuser9", "first_name": "Chi Feng", "last_name": "Tan", "email": "cftan925@gmail.com", "is_staff": false, "is_active": true, "date_joined": "2023-01-17T15:18:58.265Z", "groups": [], "user_permissions": []}}, {"model": "auth.user", "pk": 15, "fields": {"password": "pbkdf2_sha256$390000$2ZGKnAsL63FtJzbSGEpq2i$e8Hd2LRYzfyrGBW/KxGkIqfQUUeED6fS7fpiztlXz/0=", "last_login": null, "is_superuser": false, "username": "newuser10", "first_name": "Chi Feng", "last_name": "Tan", "email": "cftan10@gmail.com", "is_staff": false, "is_active": true, "date_joined": "2023-01-18T16:09:01.075Z", "groups": [], "user_permissions": []}}, {"model": "auth.user", "pk": 16, "fields": {"password": "pbkdf2_sha256$390000$6MLmEmYE2oalP8pnlWdiQl$SjPHJIbgtNhKD/nFVt45I9jf7u9SjsyKdLKpnRWFKaQ=", "last_login": null, "is_superuser": false, "username": "newuser11", "first_name": "Chi Feng", "last_name": "Tan", "email": "cftan11@gmail.com", "is_staff": false, "is_active": true, "date_joined": "2023-01-18T17:59:42.572Z", "groups": [], "user_permissions": []}}, {"model": "auth.user", "pk": 17, "fields": {"password": "pbkdf2_sha256$390000$mLo3meYWETL9Sn8YceNvJ0$Mozm9X0dg+d+GHep9nn8duh52CYHR0AI1y+0QHFQgeE=", "last_login": null, "is_superuser": false, "username": "newuser12", "first_name": "Chi Feng", "last_name": "Tan", "email": "cftan12@gmail.com", "is_staff": false, "is_active": true, "date_joined": "2023-01-18T18:01:59.272Z", "groups": [], "user_permissions": []}}, {"model": "auth.user", "pk": 18, "fields": {"password": "pbkdf2_sha256$390000$CJPKh8xLHwwuZ0DSN8xsxR$iySn/Lstw+7XxXTYzjzRmS25R/NCszJQckbYo7qIJLY=", "last_login": null, "is_superuser": false, "username": "newuser13", "first_name": "Chi Feng", "last_name": "Tan", "email": "cftan13@gmail.com", "is_staff": false, "is_active": true, "date_joined": "2023-01-18T18:05:27.632Z", "groups": [], "user_permissions": []}}, {"model": "auth.user", "pk": 19, "fields": {"password": "pbkdf2_sha256$390000$imRbec79TGyFX040Y50ece$f9Z4s9qlBSqGBrwNezX17J26yYa9GkztI0DuJxajihc=", "last_login": null, "is_superuser": false, "username": "newuser14", "first_name": "Chi Feng", "last_name": "Tan", "email": "cftan14@gmail.com", "is_staff": false, "is_active": true, "date_joined": "2023-01-18T18:10:49.418Z", "groups": [], "user_permissions": []}}, {"model": "auth.user", "pk": 20, "fields": {"password": "pbkdf2_sha256$390000$UEgPjCDorE7mbpNHjBk2BU$T4VoaUyOG1gAn3qLz4oF3WZUYvCCECPF9IIaE9vLyHY=", "last_login": null, "is_superuser": false, "username": "newuser15", "first_name": "Chi Feng", "last_name": "Tan", "email": "cftan15@gmail.com", "is_staff": false, "is_active": true, "date_joined": "2023-01-18T18:15:39.963Z", "groups": [], "user_permissions": []}}, {"model": "auth.user", "pk": 21, "fields": {"password": "pbkdf2_sha256$390000$eIdNBBcyGRTJW1xwSgrJ6j$qgp63GLwSzVQtxzyI3dykY2zxuunCjBSeI77MQ36PaY=", "last_login": null, "is_superuser": false, "username": "newuser16", "first_name": "Chi Feng", "last_name": "Tan", "email": "cftan16@gmail.com", "is_staff": false, "is_active": true, "date_joined": "2023-01-18T18:26:14.496Z", "groups": [], "user_permissions": []}}, {"model": "auth.user", "pk": 22, "fields": {"password": "pbkdf2_sha256$390000$gvbDnr3hMJ3aDUMegl3tyY$0DUJdBVWhKqqkSBfHQNNArmPYcoa+xRNWaKsMt6D2jM=", "last_login": null, "is_superuser": false, "username": "newuser17", "first_name": "Chi Feng", "last_name": "Tan", "email": "cftan17@gmail.com", "is_staff": false, "is_active": true, "date_joined": "2023-01-18T18:49:59.661Z", "groups": [], "user_permissions": []}}, {"model": "auth.user", "pk": 23, "fields": {"password": "pbkdf2_sha256$390000$nsxvbJHXUkqW5QqFv69d1A$qofnH4a7M41+Soanzh0XcHhzj7ieLfrqzXWsIrfCOA4=", "last_login": null, "is_superuser": false, "username": "newuser18", "first_name": "test", "last_name": "test", "email": "cftan18@gmail.com", "is_staff": false, "is_active": true, "date_joined": "2023-01-18T18:53:16.660Z", "groups": [], "user_permissions": []}}, {"model": "auth.user", "pk": 24, "fields": {"password": "pbkdf2_sha256$390000$GGtNqD1Ja511usDD8Y9SjJ$VDurJdXmjAVikx7z7RyblNl2j+w5hCAC7Mu6Xdv97NU=", "last_login": null, "is_superuser": false, "username": "newuser19", "first_name": "Testing", "last_name": "testing", "email": "cftan19@gmail.com", "is_staff": false, "is_active": true, "date_joined": "2023-01-18T19:04:13.996Z", "groups": [], "user_permissions": []}}, {"model": "auth.user", "pk": 25, "fields": {"password": "pbkdf2_sha256$390000$3WW3rnwVrfe6bxQukhi9gZ$0JULrAhuLq4XDq7yVjPWm+0+XTC/gGAG8qYfc9we/z0=", "last_login": null, "is_superuser": false, "username": "newuser20", "first_name": "Chi Feng", "last_name": "Tan", "email": "cftan925@gmail.com", "is_staff": false, "is_active": true, "date_joined": "2023-01-19T05:05:58.290Z", "groups": [], "user_permissions": []}}, {"model": "auth.user", "pk": 26, "fields": {"password": "pbkdf2_sha256$390000$43NGjDJH4Iuiyt5skFSg9h$SFCfZG+vvTNH8yhtekW/BBqSqbje4bk9m93ghfdcp3A=", "last_login": null, "is_superuser": false, "username": "newuser21", "first_name": "Chi Feng", "last_name": "Tan", "email": "cftan925@gmail.com", "is_staff": false, "is_active": true, "date_joined": "2023-01-19T05:07:11.981Z", "groups": [], "user_permissions": []}}, {"model": "auth.user", "pk": 27, "fields": {"password": "pbkdf2_sha256$390000$vpRGQg5BB1JdQmcm5K1TRw$xcchasvFzrrRsFsPa9PmnzQsNyBZbnxymi2AzHr666E=", "last_login": null, "is_superuser": false, "username": "newuser22", "first_name": "Chi Feng", "last_name": "Tan", "email": "cftan925@gmail.com", "is_staff": false, "is_active": true, "date_joined": "2023-01-19T05:08:47.012Z", "groups": [], "user_permissions": []}}, {"model": "auth.user", "pk": 28, "fields": {"password": "pbkdf2_sha256$390000$4fBPV2kGZNIGDb6Nn894XC$LIdCtxuM45vkGYdzEGAeu3I4CQfU5QqxhWpuF5aXr48=", "last_login": null, "is_superuser": false, "username": "newuser23", "first_name": "Chi Feng", "last_name": "Tan", "email": "cftan925@gmail.com", "is_staff": false, "is_active": true, "date_joined": "2023-01-19T05:43:38.792Z", "groups": [], "user_permissions": []}}, {"model": "auth.user", "pk": 29, "fields": {"password": "pbkdf2_sha256$390000$MpcaoiHXlhkD9TkiLGvUSp$GqkqB4qj2I2BKTyJlpEOVUcw3zzqxYEf1ikup8jlp/8=", "last_login": null, "is_superuser": false, "username": "newuser24", "first_name": "Chi Feng", "last_name": "Tan", "email": "cftan925@gmail.com", "is_staff": false, "is_active": true, "date_joined": "2023-01-19T06:16:54.137Z", "groups": [], "user_permissions": []}}, {"model": "auth.user", "pk": 30, "fields": {"password": "pbkdf2_sha256$390000$nwUUol61UoQofup94Xk91c$u0YgYVAveeKnAYoPrNd2V/HdovNMIXv3o8Y4gALhFQM=", "last_login": null, "is_superuser": false, "username": "newuser25", "first_name": "Chi Feng", "last_name": "Tan", "email": "cftan925@gmail.com", "is_staff": false, "is_active": true, "date_joined": "2023-01-19T06:30:05.117Z", "groups": [], "user_permissions": []}}, {"model": "auth.user", "pk": 31, "fields": {"password": "pbkdf2_sha256$390000$ICHABlRfOuaylEwTmcNpVL$XObXhtOBseJyMa28bWbcH6uoHNLuiuaKLnajt7wt2jw=", "last_login": null, "is_superuser": false, "username": "newuser26", "first_name": "Chi Feng", "last_name": "Tan", "email": "cftan26@gmail.com", "is_staff": false, "is_active": true, "date_joined": "2023-01-19T06:30:56.930Z", "groups": [], "user_permissions": []}}, {"model": "auth.user", "pk": 32, "fields": {"password": "pbkdf2_sha256$390000$ddUVFAD4dwKdHVQxgsAOLt$zfhmO+vHqaQldlt/7S6HC6OmDA3RL/d9GjkV5CfYlSQ=", "last_login": null, "is_superuser": false, "username": "newuser27", "first_name": "Chi Feng", "last_name": "Tan", "email": "cftan27@gmail.com", "is_staff": false, "is_active": true, "date_joined": "2023-01-19T06:31:30.016Z", "groups": [], "user_permissions": []}}, {"model": "auth.user", "pk": 33, "fields": {"password": "pbkdf2_sha256$390000$4P9uL7DaN3YofVnHztxDtp$EI47bqILfqpGPcu2YjkrqABEDSig92rxGbcK6Dc93Go=", "last_login": null, "is_superuser": false, "username": "newuser28", "first_name": "Chi Feng", "last_name": "Tan", "email": "cftan28@gmail.com", "is_staff": false, "is_active": true, "date_joined": "2023-01-19T07:13:08.347Z", "groups": [], "user_permissions": []}}, {"model": "auth.user", "pk": 34, "fields": {"password": "pbkdf2_sha256$390000$SAAfcqrNURFNPW8poH58Fj$m0l8/bmztDOPit5WOrAfZnDdah2Yb+OJ/9Rw2qLXkTA=", "last_login": null, "is_superuser": false, "username": "newuser29", "first_name": "Chi Feng", "last_name": "Tan", "email": "cftan29@gmail.com", "is_staff": false, "is_active": true, "date_joined": "2023-01-21T07:06:54.863Z", "groups": [], "user_permissions": []}}, {"model": "auth.user", "pk": 35, "fields": {"password": "pbkdf2_sha256$390000$YLT8V5IFMrGEE6q7p0nqZ3$82V29/8zZ9sRZ47b9EKARGIQVRw9+Em9CloP1l9ltKE=", "last_login": null, "is_superuser": false, "username": "newuser30", "first_name": "Chi Feng", "last_name": "Tan", "email": "cftan30@gmail.com", "is_staff": false, "is_active": true, "date_joined": "2023-01-21T07:09:00.562Z", "groups": [], "user_permissions": []}}, {"model": "auth.user", "pk": 36, "fields": {"password": "pbkdf2_sha256$390000$LipdMcSy51ek3dIJSGRUli$u0UY51BHg7UGS59id9uLRYRQWDJTui3JJgtc/wlvvIA=", "last_login": null, "is_superuser": false, "username": "newuser31", "first_name": "Chi Feng", "last_name": "Tan", "email": "cftan925@gmail.com", "is_staff": false, "is_active": true, "date_joined": "2023-01-21T07:11:10.748Z", "groups": [], "user_permissions": []}}, {"model": "auth.user", "pk": 37, "fields": {"password": "pbkdf2_sha256$390000$ci9vefZmBmZSVMtMdFoALA$XGk2pAOjv2Y2L8oBKCI1F+eku3Q+T9sQeFQg2mrHKOY=", "last_login": null, "is_superuser": false, "username": "newuser32", "first_name": "Chi Feng", "last_name": "Tan", "email": "cftan925@gmail.com", "is_staff": false, "is_active": true, "date_joined": "2023-01-21T07:14:44.726Z", "groups": [], "user_permissions": []}}, {"model": "auth.user", "pk": 38, "fields": {"password": "pbkdf2_sha256$390000$9yugEmC7XAOf2JWNdzsU8k$h4UCvOZtOoxO/K0OKq4vjxk67+y1MsoY0GYX2uVB1iI=", "last_login": null, "is_superuser": false, "username": "newuser33", "first_name": "Chi Feng", "last_name": "Tan", "email": "cftan925@gmail.com", "is_staff": false, "is_active": true, "date_joined": "2023-01-21T07:17:25.459Z", "groups": [], "user_permissions": []}}, {"model": "auth.user", "pk": 39, "fields": {"password": "pbkdf2_sha256$390000$WEp6eyst1PuKcj0FbVCy9P$Y6pUFCIjxWox62ycTWpDcqqGGRAL99JGaFxxQOkKjG4=", "last_login": null, "is_superuser": false, "username": "newuser34", "first_name": "Chi Feng", "last_name": "Tan", "email": "cftan925@gmail.com", "is_staff": false, "is_active": true, "date_joined": "2023-01-21T07:24:18.126Z", "groups": [], "user_permissions": []}}, {"model": "auth.user", "pk": 40, "fields": {"password": "pbkdf2_sha256$390000$GPSQGqQm2Bzv9IvzKy4L5w$8XESoB4rhdP0TzJOXm9dpXAXlMtfoX9cYHHBfDQ28/8=", "last_login": null, "is_superuser": false, "username": "newuser35", "first_name": "Chi Feng", "last_name": "Tan", "email": "cftan35@gmail.com", "is_staff": false, "is_active": true, "date_joined": "2023-01-21T07:25:48.375Z", "groups": [], "user_permissions": []}}, {"model": "auth.user", "pk": 41, "fields": {"password": "pbkdf2_sha256$390000$TjI5falwz1LTyI66pSRUAK$iyHA1EzmI0iEgfptA2lzuWsLwWuqpqUDwO1PdfpzXwY=", "last_login": null, "is_superuser": false, "username": "newuser36", "first_name": "Chi Feng", "last_name": "Tan", "email": "cftan36@gmail.com", "is_staff": false, "is_active": true, "date_joined": "2023-01-21T07:27:59.718Z", "groups": [], "user_permissions": []}}, {"model": "auth.user", "pk": 42, "fields": {"password": "pbkdf2_sha256$390000$dho0vyMnhUcGyChn2BBDPG$p0f4hPLlj+zeSEfwGrLOg2Q1mffvoh5qA4KPO4zSOdo=", "last_login": null, "is_superuser": false, "username": "newuser37", "first_name": "Chi Feng", "last_name": "Tan", "email": "cftan925@gmail.com", "is_staff": false, "is_active": true, "date_joined": "2023-01-21T07:29:35.928Z", "groups": [], "user_permissions": []}}, {"model": "auth.user", "pk": 43, "fields": {"password": "pbkdf2_sha256$390000$xErEX8Yn6faLX8lXjugOTv$y7MsC/WxY2rhWanTgzLzv5g9icuhCYzlQpvfyzHg9zI=", "last_login": null, "is_superuser": false, "username": "newuser38", "first_name": "Chi Feng", "last_name": "Tan", "email": "cftan925@gmail.com", "is_staff": false, "is_active": true, "date_joined": "2023-01-21T07:33:22.931Z", "groups": [], "user_permissions": []}}, {"model": "auth.user", "pk": 44, "fields": {"password": "pbkdf2_sha256$390000$KFCbpzlamJUiJu0QCMzE7q$qO1YHrtRy6Ethq2vS/8c5+fXCuxPOpZFn5yXnfa5JFs=", "last_login": null, "is_superuser": false, "username": "newuser40", "first_name": "Chi Feng", "last_name": "Tan", "email": "cftan925@gmail.com", "is_staff": false, "is_active": true, "date_joined": "2023-01-21T07:35:02.669Z", "groups": [], "user_permissions": []}}, {"model": "auth.user", "pk": 45, "fields": {"password": "pbkdf2_sha256$390000$QBzyRLQefpv7m0qbwq10Dg$wWa8GMQQvGA1FuytxVgl79TuvWbZphktOTZOvbCCLsA=", "last_login": null, "is_superuser": false, "username": "newuser41", "first_name": "Chi Feng", "last_name": "Tan", "email": "cftan925@gmail.com", "is_staff": false, "is_active": true, "date_joined": "2023-01-21T07:36:43.875Z", "groups": [], "user_permissions": []}}, {"model": "auth.user", "pk": 46, "fields": {"password": "pbkdf2_sha256$390000$1F9LatxVc5uQhZqWsP5Mve$3Yks2mJbfsxuoI+MwliCZ4d50LYOSvzQKF+HUXQnwjQ=", "last_login": null, "is_superuser": false, "username": "newuser39", "first_name": "Chi Feng", "last_name": "Tan", "email": "cftan925@gmail.com", "is_staff": false, "is_active": true, "date_joined": "2023-01-21T07:40:55.629Z", "groups": [], "user_permissions": []}}, {"model": "auth.user", "pk": 47, "fields": {"password": "pbkdf2_sha256$390000$k5VMIMIE0hiFVQIGocPJeo$Yy7J8jiidUruM2RTfrNqI9C8PmWNLcNgFXeFT7sCiRo=", "last_login": null, "is_superuser": false, "username": "newuser42", "first_name": "Chi Feng", "last_name": "Tan", "email": "cftan42@gmail.com", "is_staff": false, "is_active": true, "date_joined": "2023-01-21T07:54:08.356Z", "groups": [], "user_permissions": []}}, {"model": "auth.user", "pk": 48, "fields": {"password": "pbkdf2_sha256$390000$1WhBQRVySsvqvCdTiWcT0L$aLxYte8oKKkRwIMFNVheXX8fMh0XRxezrVWLAhtkFkY=", "last_login": null, "is_superuser": false, "username": "newuser43", "first_name": "Chi Feng", "last_name": "Tan", "email": "cftan925@gmail.com", "is_staff": false, "is_active": true, "date_joined": "2023-01-21T07:55:34.251Z", "groups": [], "user_permissions": []}}, {"model": "auth.user", "pk": 49, "fields": {"password": "pbkdf2_sha256$390000$y0PgtwyI1myngC4qO11sHq$Y+Zj9NwajzpGtRhedXwwFJOmc4qgc+vxfzUfoSZM3Z4=", "last_login": null, "is_superuser": false, "username": "newuser44", "first_name": "Chi Feng", "last_name": "Tan", "email": "cftan44@gmail.com", "is_staff": false, "is_active": true, "date_joined": "2023-01-21T07:57:47.859Z", "groups": [], "user_permissions": []}}, {"model": "auth.user", "pk": 50, "fields": {"password": "pbkdf2_sha256$390000$KSyHfMFPvXOsPEjQRJ1RQW$RiQrdD6JX7ujlou7JVx3ljAsZrO2BMg/xKhs5G5Jc4w=", "last_login": null, "is_superuser": false, "username": "newuser45", "first_name": "Chi Feng", "last_name": "Tan", "email": "cftan45@gmail.com", "is_staff": false, "is_active": true, "date_joined": "2023-01-21T07:59:31.150Z", "groups": [], "user_permissions": []}}, {"model": "auth.user", "pk": 51, "fields": {"password": "pbkdf2_sha256$390000$BqD3dokP3g4ekGArhKKnSc$ZJKoBJIfSSqh//LcmjR5sXKt34g+zUKxMadgFw+knzY=", "last_login": null, "is_superuser": false, "username": "newuser46", "first_name": "Chi Feng", "last_name": "Tan", "email": "cftan46@gmail.com", "is_staff": false, "is_active": true, "date_joined": "2023-01-21T08:20:56.958Z", "groups": [], "user_permissions": []}}, {"model": "auth.user", "pk": 52, "fields": {"password": "pbkdf2_sha256$390000$49a3UaOemQ8t8z4EoBK90E$Z3lD8g8iaRfdqFjIn+AwJZ5X2RqGbjGkbHfN8bM+ecY=", "last_login": null, "is_superuser": false, "username": "newuser47", "first_name": "Chi Feng", "last_name": "Tan", "email": "cftan925@gmail.com", "is_staff": false, "is_active": true, "date_joined": "2023-01-21T08:23:22.653Z", "groups": [], "user_permissions": []}}, {"model": "auth.user", "pk": 53, "fields": {"password": "pbkdf2_sha256$390000$e8EcZwiOI0IplK03LMbFE9$CKsHfLrTisrpJunQVmrS7sZ9InlO5QE3pVC/RVE5cBc=", "last_login": null, "is_superuser": false, "username": "newuser48", "first_name": "Chi Feng", "last_name": "Tan", "email": "cftan925@gmail.com", "is_staff": false, "is_active": true, "date_joined": "2023-01-21T08:24:48.116Z", "groups": [], "user_permissions": []}}, {"model": "auth.user", "pk": 54, "fields": {"password": "pbkdf2_sha256$390000$nRoMtfScnNSuqijDCuROak$VF4GHDGfWMWBLsIw1d7qvrf10nay7//udpUFkNEB2mw=", "last_login": null, "is_superuser": false, "username": "newuser49", "first_name": "Chi Feng", "last_name": "Tan", "email": "cftan925@gmail.com", "is_staff": false, "is_active": true, "date_joined": "2023-01-21T08:26:16.346Z", "groups": [], "user_permissions": []}}, {"model": "auth.user", "pk": 55, "fields": {"password": "pbkdf2_sha256$390000$lMWvCkdVvMv0J3dbnQ71zn$L+WlhzU2r0Qxz+bL9Lv4l/43oPCSfmiHPYrC8aGv6SU=", "last_login": null, "is_superuser": false, "username": "newuser50", "first_name": "Chi Feng", "last_name": "Tan", "email": "cftan925@gmail.com", "is_staff": false, "is_active": true, "date_joined": "2023-01-21T08:59:29.983Z", "groups": [], "user_permissions": []}}, {"model": "auth.user", "pk": 56, "fields": {"password": "pbkdf2_sha256$390000$lStjnjPHHrMG2yTXoZZ4JF$XbLozQr/5MDnmqCIv7C10iScF1y463MY1JAH6Zugwpc=", "last_login": null, "is_superuser": false, "username": "newuser51", "first_name": "Chi Feng", "last_name": "Tan", "email": "cftan925@gmail.com", "is_staff": false, "is_active": true, "date_joined": "2023-01-21T09:01:07.737Z", "groups": [], "user_permissions": []}}, {"model": "auth.user", "pk": 57, "fields": {"password": "pbkdf2_sha256$390000$b1p7BatCcnMvsuqfgL1aCI$8mDxoCr1Uk8gQoqfsoKsExshaMCoTMWJCQSuQVWhhcA=", "last_login": null, "is_superuser": false, "username": "newuser52", "first_name": "Chi Feng", "last_name": "Tan", "email": "cftan925@gmail.com", "is_staff": false, "is_active": true, "date_joined": "2023-01-21T09:03:06.266Z", "groups": [], "user_permissions": []}}, {"model": "auth.user", "pk": 58, "fields": {"password": "pbkdf2_sha256$390000$t8iCMl25CVtKenh1XQTgB4$mlWti+nyT7GAcGm4Er9fGz6xw6cLXMcwGtu0uw4JBKQ=", "last_login": null, "is_superuser": false, "username": "newuser53", "first_name": "Chi Feng", "last_name": "Tan", "email": "cftan925@gmail.com", "is_staff": false, "is_active": true, "date_joined": "2023-01-21T09:03:57.486Z", "groups": [], "user_permissions": []}}, {"model": "auth.user", "pk": 59, "fields": {"password": "pbkdf2_sha256$390000$XwfgrRIAGUhvgf031KosfY$2HhR/J4ytVhmoNStCbj3bAewU4KgrpeavVPA9b+XexY=", "last_login": null, "is_superuser": false, "username": "newuser54", "first_name": "Chi Feng123", "last_name": "Tan123", "email": "cftan54@gmail.com123", "is_staff": false, "is_active": true, "date_joined": "2023-01-22T13:11:21.535Z", "groups": [], "user_permissions": []}}, {"model": "contenttypes.contenttype", "pk": 1, "fields": {"app_label": "admin", "model": "logentry"}}, {"model": "contenttypes.contenttype", "pk": 2, "fields": {"app_label": "auth", "model": "permission"}}, {"model": "contenttypes.contenttype", "pk": 3, "fields": {"app_label": "auth", "model": "group"}}, {"model": "contenttypes.contenttype", "pk": 4, "fields": {"app_label": "auth", "model": "user"}}, {"model": "contenttypes.contenttype", "pk": 5, "fields": {"app_label": "contenttypes", "model": "contenttype"}}, {"model": "contenttypes.contenttype", "pk": 6, "fields": {"app_label": "sessions", "model": "session"}}, {"model": "contenttypes.contenttype", "pk": 7, "fields": {"app_label": "about", "model": "about"}}, {"model": "contenttypes.contenttype", "pk": 8, "fields": {"app_label": "contact", "model": "contact"}}, {"model": "contenttypes.contenttype", "pk": 9, "fields": {"app_label": "footer", "model": "footer"}}, {"model": "contenttypes.contenttype", "pk": 10, "fields": {"app_label": "webapp", "model": "notification"}}, {"model": "contenttypes.contenttype", "pk": 11, "fields": {"app_label": "webapp", "model": "profile"}}, {"model": "contenttypes.contenttype", "pk": 12, "fields": {"app_label": "webapp", "model": "booking"}}, {"model": "contenttypes.contenttype", "pk": 13, "fields": {"app_label": "webapp", "model": "chat"}}, {"model": "contenttypes.contenttype", "pk": 14, "fields": {"app_label": "webapp", "model": "service"}}, {"model": "contenttypes.contenttype", "pk": 15, "fields": {"app_label": "webapp", "model": "freelancer"}}, {"model": "contenttypes.contenttype", "pk": 16, "fields": {"app_label": "webapp", "model": "skill"}}, {"model": "contenttypes.contenttype", "pk": 17, "fields": {"app_label": "authtoken", "model": "token"}}, {"model": "contenttypes.contenttype", "pk": 18, "fields": {"app_label": "authtoken", "model": "tokenproxy"}}, {"model": "sessions.session", "pk": "20dgu9dh5hk1q1wloqk27bpkdzh6voim", "fields": {"session_data": ".eJxVjMsOwiAQRf-FtSHSQR4u3fcbyMAMUjWQlHZl_HdD0oVu7znnvkXAfSth77yGhcRVKHH63SKmJ9cB6IH13mRqdVuXKIciD9rl3Ihft8P9OyjYy6gzgjVZU7w4r3IGBq3YOGOziYw8ZQ_GRgSE80QEGpRCSGSTYdTeic8X_hE4aw:1pIPOF:wJUujFKLlsgWrlqfHUr--xAkw3iYQJcWVeeEjLhLuDk", "expire_date": "2023-02-02T07:31:15.596Z"}}, {"model": "sessions.session", "pk": "24gqhig10zzr3uz5g2r2ejkg11jkm3e9", "fields": {"session_data": ".eJxVjMsOwiAQRf-FtSHSQR4u3fcbyMAMUjWQlHZl_HdD0oVu7znnvkXAfSth77yGhcRVKHH63SKmJ9cB6IH13mRqdVuXKIciD9rl3Ihft8P9OyjYy6gzgjVZU7w4r3IGBq3YOGOziYw8ZQ_GRgSE80QEGpRCSGSTYdTeic8X_hE4aw:1pHQi0:roZtD8sGKqFHlSIopNb3cOTk7Ymx9QprWYYERbVOQBw", "expire_date": "2023-01-30T14:43:36.453Z"}}, {"model": "sessions.session", "pk": "2dp1w6ybsz4341f9tt8e2shf4ph32n2r", "fields": {"session_data": ".eJxVjMsOwiAQRf-FtSHSQR4u3fcbyMAMUjWQlHZl_HdD0oVu7znnvkXAfSth77yGhcRVKHH63SKmJ9cB6IH13mRqdVuXKIciD9rl3Ihft8P9OyjYy6gzgjVZU7w4r3IGBq3YOGOziYw8ZQ_GRgSE80QEGpRCSGSTYdTeic8X_hE4aw:1pIP2j:9uS0jzm7g-4yKy12wUPoR_J_SGScGb4y5VbGeoxkzxo", "expire_date": "2023-02-02T07:09:01.178Z"}}, {"model": "sessions.session", "pk": "2mihdle1h0u4dcojq0aqwdtc86wqimf0", "fields": {"session_data": ".eJxVjMsOwiAQRf-FtSHSQR4u3fcbyMAMUjWQlHZl_HdD0oVu7znnvkXAfSth77yGhcRVKHH63SKmJ9cB6IH13mRqdVuXKIciD9rl3Ihft8P9OyjYy6gzgjVZU7w4r3IGBq3YOGOziYw8ZQ_GRgSE80QEGpRCSGSTYdTeic8X_hE4aw:1pICrK:qESIFvOwekeq5XPL4eY1MhBvpfXykzuDTMMjJfuA8fg", "expire_date": "2023-02-01T18:08:26.454Z"}}, {"model": "sessions.session", "pk": "3lj2oisr77g6skrjr3h1x39nx7yim7so", "fields": {"session_data": ".eJxVjMsOwiAQRf-FtSHSQR4u3fcbyMAMUjWQlHZl_HdD0oVu7znnvkXAfSth77yGhcRVKHH63SKmJ9cB6IH13mRqdVuXKIciD9rl3Ihft8P9OyjYy6gzgjVZU7w4r3IGBq3YOGOziYw8ZQ_GRgSE80QEGpRCSGSTYdTeic8X_hE4aw:1pIsdX:5bGwJlyZ4OQ6szBS6D4JRQ740xUZOBMap_zFzGEN5nU", "expire_date": "2023-02-03T14:44:59.714Z"}}, {"model": "sessions.session", "pk": "3naxgncc42oyxut6icrc5yxg8r37svjl", "fields": {"session_data": ".eJxVjMsOwiAQRf-FtSHSQR4u3fcbyMAMUjWQlHZl_HdD0oVu7znnvkXAfSth77yGhcRVKHH63SKmJ9cB6IH13mRqdVuXKIciD9rl3Ihft8P9OyjYy6gzgjVZU7w4r3IGBq3YOGOziYw8ZQ_GRgSE80QEGpRCSGSTYdTeic8X_hE4aw:1pJ8Tf:U3jvDndUPsPI_VvwFOMt9p6WGgF140CtbqR2bd9a9Oo", "expire_date": "2023-02-04T07:39:51.226Z"}}, {"model": "sessions.session", "pk": "4w83bf6p3xax4slx5460drf0wacbzrog", "fields": {"session_data": ".eJxVjMsOwiAQRf-FtSHSQR4u3fcbyMAMUjWQlHZl_HdD0oVu7znnvkXAfSth77yGhcRVKHH63SKmJ9cB6IH13mRqdVuXKIciD9rl3Ihft8P9OyjYy6gzgjVZU7w4r3IGBq3YOGOziYw8ZQ_GRgSE80QEGpRCSGSTYdTeic8X_hE4aw:1pJ80j:BdHs61CDwy0k9g6CAdh8f-un7Vf3Dzotq_oiFDZ-gAc", "expire_date": "2023-02-04T07:09:57.028Z"}}, {"model": "sessions.session", "pk": "4x3lbusd9f9vtqeatdg90evv1noqtxdz", "fields": {"session_data": ".eJxVjMsOwiAQRf-FtSHSQR4u3fcbyMAMUjWQlHZl_HdD0oVu7znnvkXAfSth77yGhcRVKHH63SKmJ9cB6IH13mRqdVuXKIciD9rl3Ihft8P9OyjYy6gzgjVZU7w4r3IGBq3YOGOziYw8ZQ_GRgSE80QEGpRCSGSTYdTeic8X_hE4aw:1pIu2w:KNI63ip7Nj0xJ8_oyP7rKdyW5sqHvakHI9i_pQOR1K8", "expire_date": "2023-02-03T16:15:18.589Z"}}, {"model": "sessions.session", "pk": "adqrzx0wp2bnjxkap2pdii1t938rrtdv", "fields": {"session_data": ".eJxVjMsOwiAQRf-FtSHSQR4u3fcbyMAMUjWQlHZl_HdD0oVu7znnvkXAfSth77yGhcRVKHH63SKmJ9cB6IH13mRqdVuXKIciD9rl3Ihft8P9OyjYy6gzgjVZU7w4r3IGBq3YOGOziYw8ZQ_GRgSE80QEGpRCSGSTYdTeic8X_hE4aw:1pJXMr:FyunUaV1L0LT1VQVjhJ3oeOIA36TM91Q-P0H4FSHcgc", "expire_date": "2023-02-05T10:14:29.822Z"}}, {"model": "sessions.session", "pk": "ahzyusmj580xv1njxgywjoqryulp3a6q", "fields": {"session_data": ".eJxVjMsOwiAQRf-FtSHSQR4u3fcbyMAMUjWQlHZl_HdD0oVu7znnvkXAfSth77yGhcRVKHH63SKmJ9cB6IH13mRqdVuXKIciD9rl3Ihft8P9OyjYy6gzgjVZU7w4r3IGBq3YOGOziYw8ZQ_GRgSE80QEGpRCSGSTYdTeic8X_hE4aw:1pJ83f:MQk6FUxmE-GfYBo_AVnGrTIxvvUF3dfKnlgyiPO1fNY", "expire_date": "2023-02-04T07:12:59.939Z"}}, {"model": "sessions.session", "pk": "d2l2qxagv8veut3p8q4r15h7prrc0er7", "fields": {"session_data": ".eJxVjMsOwiAQRf-FtSHSQR4u3fcbyMAMUjWQlHZl_HdD0oVu7znnvkXAfSth77yGhcRVKHH63SKmJ9cB6IH13mRqdVuXKIciD9rl3Ihft8P9OyjYy6gzgjVZU7w4r3IGBq3YOGOziYw8ZQ_GRgSE80QEGpRCSGSTYdTeic8X_hE4aw:1pIsf1:FajZglDbjWQQL1j0h5iKwV6Cjlg1dwuba9h3O65Nw3I", "expire_date": "2023-02-03T14:46:31.262Z"}}, {"model": "sessions.session", "pk": "dr46vivi388bvgr55n1p2mla6zl5xy6c", "fields": {"session_data": ".eJxVjMsOwiAQRf-FtSHSQR4u3fcbyMAMUjWQlHZl_HdD0oVu7znnvkXAfSth77yGhcRVKHH63SKmJ9cB6IH13mRqdVuXKIciD9rl3Ihft8P9OyjYy6gzgjVZU7w4r3IGBq3YOGOziYw8ZQ_GRgSE80QEGpRCSGSTYdTeic8X_hE4aw:1pJ9ul:-ZkTdjlBWi6QjWC6yb5c_QLqbHC_tleobPtT1wFdB7g", "expire_date": "2023-02-04T09:11:55.828Z"}}, {"model": "sessions.session", "pk": "eaw9jbrhtkz817ha6z2qm3ifrtg0kf6p", "fields": {"session_data": ".eJxVjMsOwiAQRf-FtSHSQR4u3fcbyMAMUjWQlHZl_HdD0oVu7znnvkXAfSth77yGhcRVKHH63SKmJ9cB6IH13mRqdVuXKIciD9rl3Ihft8P9OyjYy6gzgjVZU7w4r3IGBq3YOGOziYw8ZQ_GRgSE80QEGpRCSGSTYdTeic8X_hE4aw:1pHm2O:KIa05Ixsd15d6fvWIlFknWhwJgt20KVf99v1k0z5DZM", "expire_date": "2023-01-31T13:30:04.581Z"}}, {"model": "sessions.session", "pk": "ehwoonacblcnnu3wbxscpx8uqrrs2tah", "fields": {"session_data": ".eJxVjMsOwiAQRf-FtSHSQR4u3fcbyMAMUjWQlHZl_HdD0oVu7znnvkXAfSth77yGhcRVKHH63SKmJ9cB6IH13mRqdVuXKIciD9rl3Ihft8P9OyjYy6gzgjVZU7w4r3IGBq3YOGOziYw8ZQ_GRgSE80QEGpRCSGSTYdTeic8X_hE4aw:1pIt8e:XNZVRXI1E5jTGfBVPI82WrB6TuNO4yQF1RTnbTm2xP0", "expire_date": "2023-02-03T15:17:08.684Z"}}, {"model": "sessions.session", "pk": "fwt0v7w7fqchglzl7876yld6cqsbm2qv", "fields": {"session_data": ".eJxVjMsOwiAQRf-FtSHSQR4u3fcbyMAMUjWQlHZl_HdD0oVu7znnvkXAfSth77yGhcRVKHH63SKmJ9cB6IH13mRqdVuXKIciD9rl3Ihft8P9OyjYy6gzgjVZU7w4r3IGBq3YOGOziYw8ZQ_GRgSE80QEGpRCSGSTYdTeic8X_hE4aw:1pINlQ:fw9NSyDO9bOYZEe3pL1kX3hM0MSJQxg_bfar1Zp-Wio", "expire_date": "2023-02-02T05:47:04.092Z"}}, {"model": "sessions.session", "pk": "lx1j8lap1keqaq9d2ftidhdo9cwugj82", "fields": {"session_data": ".eJxVjMsOwiAQRf-FtSHSQR4u3fcbyMAMUjWQlHZl_HdD0oVu7znnvkXAfSth77yGhcRVKHH63SKmJ9cB6IH13mRqdVuXKIciD9rl3Ihft8P9OyjYy6gzgjVZU7w4r3IGBq3YOGOziYw8ZQ_GRgSE80QEGpRCSGSTYdTeic8X_hE4aw:1pHlzS:74yZqy_igeu-NWcmitPyb4-VeJ_kP8p7BMewInlnjNo", "expire_date": "2023-01-31T13:27:02.322Z"}}, {"model": "sessions.session", "pk": "mwszl3hq0khhtl2w28pf2kgxrju984hp", "fields": {"session_data": ".eJxVjMsOwiAQRf-FtSHSQR4u3fcbyMAMUjWQlHZl_HdD0oVu7znnvkXAfSth77yGhcRVKHH63SKmJ9cB6IH13mRqdVuXKIciD9rl3Ihft8P9OyjYy6gzgjVZU7w4r3IGBq3YOGOziYw8ZQ_GRgSE80QEGpRCSGSTYdTeic8X_hE4aw:1pJ8Bn:PoVnW-Y93-w78_-4wPtGKVrjSBKS0R_UrXHBGGM6jfc", "expire_date": "2023-02-04T07:21:23.766Z"}}, {"model": "sessions.session", "pk": "mxg715pd12n7ya5qv5pbyvgjjo9v2ad7", "fields": {"session_data": ".eJxVjMsOwiAQRf-FtSHSQR4u3fcbyMAMUjWQlHZl_HdD0oVu7znnvkXAfSth77yGhcRVKHH63SKmJ9cB6IH13mRqdVuXKIciD9rl3Ihft8P9OyjYy6gzgjVZU7w4r3IGBq3YOGOziYw8ZQ_GRgSE80QEGpRCSGSTYdTeic8X_hE4aw:1pJVui:pu2Q9kRg6NShSlhcni_NFcUOIyaNvWoZB8kX2kOlReg", "expire_date": "2023-02-05T08:41:20.105Z"}}, {"model": "sessions.session", "pk": "mz5gviik54x8xz51ami4jcovlyety7jh", "fields": {"session_data": ".eJxVjMsOwiAQRf-FtSHSQR4u3fcbyMAMUjWQlHZl_HdD0oVu7znnvkXAfSth77yGhcRVKHH63SKmJ9cB6IH13mRqdVuXKIciD9rl3Ihft8P9OyjYy6gzgjVZU7w4r3IGBq3YOGOziYw8ZQ_GRgSE80QEGpRCSGSTYdTeic8X_hE4aw:1pIAyf:gszqDxDU0Rrbt-WUMuu8e3dx5EExcwBPWdIaLOUkrGY", "expire_date": "2023-02-01T16:07:53.487Z"}}, {"model": "sessions.session", "pk": "n1iir0h8sw8nszpkarbec4la6cue6pgp", "fields": {"session_data": ".eJxVjMsOwiAQRf-FtSHSQR4u3fcbyMAMUjWQlHZl_HdD0oVu7znnvkXAfSth77yGhcRVKHH63SKmJ9cB6IH13mRqdVuXKIciD9rl3Ihft8P9OyjYy6gzgjVZU7w4r3IGBq3YOGOziYw8ZQ_GRgSE80QEGpRCSGSTYdTeic8X_hE4aw:1pJ8ht:cuqU0-yc0h1K9AkhevdEws6qozSDNlx0mPucFCbBeOM", "expire_date": "2023-02-04T07:54:33.881Z"}}, {"model": "sessions.session", "pk": "p05lqhit1ldjdsope205uojcvf3coh5z", "fields": {"session_data": ".eJxVjMsOwiAQRf-FtSHSQR4u3fcbyMAMUjWQlHZl_HdD0oVu7znnvkXAfSth77yGhcRVKHH63SKmJ9cB6IH13mRqdVuXKIciD9rl3Ihft8P9OyjYy6gzgjVZU7w4r3IGBq3YOGOziYw8ZQ_GRgSE80QEGpRCSGSTYdTeic8X_hE4aw:1pJG4W:nEgtQMfO-6WcbDqy0o3X65secCoRimblvdOM2wk6Gks", "expire_date": "2023-02-04T15:46:24.132Z"}}, {"model": "sessions.session", "pk": "p0xaq4mcq4vc5ryig2yjfzpved2143cj", "fields": {"session_data": ".eJxVjMsOwiAQRf-FtSHSQR4u3fcbyMAMUjWQlHZl_HdD0oVu7znnvkXAfSth77yGhcRVKHH63SKmJ9cB6IH13mRqdVuXKIciD9rl3Ihft8P9OyjYy6gzgjVZU7w4r3IGBq3YOGOziYw8ZQ_GRgSE80QEGpRCSGSTYdTeic8X_hE4aw:1pJIzz:e1QAcwRzU6K0A7PJGxX0NC00dt3FDPU0VwvPm16fhEQ", "expire_date": "2023-02-04T18:53:55.907Z"}}, {"model": "sessions.session", "pk": "p5qg94ulo3ik6cs85sx5dp7d6y3wxhu8", "fields": {"session_data": ".eJxVjMsOwiAQRf-FtSHSQR4u3fcbyMAMUjWQlHZl_HdD0oVu7znnvkXAfSth77yGhcRVKHH63SKmJ9cB6IH13mRqdVuXKIciD9rl3Ihft8P9OyjYy6gzgjVZU7w4r3IGBq3YOGOziYw8ZQ_GRgSE80QEGpRCSGSTYdTeic8X_hE4aw:1pATeh:uLN-FG3X9hFCAUAaXEVr0ZMyy5rHvqblrl4Sdwp1Cow", "expire_date": "2023-01-11T10:27:27.375Z"}}, {"model": "sessions.session", "pk": "p6vzbozczd4mjlhyyph707fp6c1u6qml", "fields": {"session_data": ".eJxVjMsOwiAQRf-FtSHSQR4u3fcbyMAMUjWQlHZl_HdD0oVu7znnvkXAfSth77yGhcRVKHH63SKmJ9cB6IH13mRqdVuXKIciD9rl3Ihft8P9OyjYy6gzgjVZU7w4r3IGBq3YOGOziYw8ZQ_GRgSE80QEGpRCSGSTYdTeic8X_hE4aw:1pHmnM:w4JNLJ093C2ufHUeycMm7F-GOiz_EJmAbDBPQGkhuso", "expire_date": "2023-01-31T14:18:36.307Z"}}, {"model": "sessions.session", "pk": "rngbnclvb0ectpa5tnp2zg4wsuh65su7", "fields": {"session_data": ".eJxVjMsOwiAQRf-FtSHSQR4u3fcbyMAMUjWQlHZl_HdD0oVu7znnvkXAfSth77yGhcRVKHH63SKmJ9cB6IH13mRqdVuXKIciD9rl3Ihft8P9OyjYy6gzgjVZU7w4r3IGBq3YOGOziYw8ZQ_GRgSE80QEGpRCSGSTYdTeic8X_hE4aw:1pJ8lh:o6rU9v0n6SRyymImQyCxV7-Kp9a7BrxDgWoPa6QLcDE", "expire_date": "2023-02-04T07:58:29.331Z"}}, {"model": "sessions.session", "pk": "vfdx3yry4jvy3rqtalgzf1hlimsxtjj3", "fields": {"session_data": ".eJxVjMsOwiAQRf-FtSHSQR4u3fcbyMAMUjWQlHZl_HdD0oVu7znnvkXAfSth77yGhcRVKHH63SKmJ9cB6IH13mRqdVuXKIciD9rl3Ihft8P9OyjYy6gzgjVZU7w4r3IGBq3YOGOziYw8ZQ_GRgSE80QEGpRCSGSTYdTeic8X_hE4aw:1pJctg:TNsRvUNtb48lXiYkCsvKJHGdiW2bA9s99FCX_Mn3bTQ", "expire_date": "2023-02-05T16:08:44.151Z"}}, {"model": "sessions.session", "pk": "vkjb8bpfgjf0tjw49t1jkq15xrrz7u01", "fields": {"session_data": ".eJxVjMsOwiAQRf-FtSHSQR4u3fcbyMAMUjWQlHZl_HdD0oVu7znnvkXAfSth77yGhcRVKHH63SKmJ9cB6IH13mRqdVuXKIciD9rl3Ihft8P9OyjYy6gzgjVZU7w4r3IGBq3YOGOziYw8ZQ_GRgSE80QEGpRCSGSTYdTeic8X_hE4aw:1pJ9Ak:yjXdQHTCIFTYOBijP0Z7V4a7rY43TMzaRKFZ5Nqf-AM", "expire_date": "2023-02-04T08:24:22.745Z"}}, {"model": "sessions.session", "pk": "vkqf4l19hqmkdqo49klbj0junufkp32t", "fields": {"session_data": ".eJxVjMsOwiAQRf-FtSHSQR4u3fcbyMAMUjWQlHZl_HdD0oVu7znnvkXAfSth77yGhcRVKHH63SKmJ9cB6IH13mRqdVuXKIciD9rl3Ihft8P9OyjYy6gzgjVZU7w4r3IGBq3YOGOziYw8ZQ_GRgSE80QEGpRCSGSTYdTeic8X_hE4aw:1pJ96q:k-7DzN0vayC9ubIhb3zUtgdMd-q8UIZTZ4WW_VwT4WE", "expire_date": "2023-02-04T08:20:20.952Z"}}, {"model": "sessions.session", "pk": "w4otcboiuheyuk2mozlcmevqzelyw9p9", "fields": {"session_data": ".eJxVjMsOwiAQRf-FtSHSQR4u3fcbyMAMUjWQlHZl_HdD0oVu7znnvkXAfSth77yGhcRVKHH63SKmJ9cB6IH13mRqdVuXKIciD9rl3Ihft8P9OyjYy6gzgjVZU7w4r3IGBq3YOGOziYw8ZQ_GRgSE80QEGpRCSGSTYdTeic8X_hE4aw:1pJ87H:EpiMl-e4lIJG0tO4KWNXl1Xu9peWkMAk7JmAeHVlrqY", "expire_date": "2023-02-04T07:16:43.589Z"}}, {"model": "sessions.session", "pk": "xv7aoaa2l4xkcpt3aa38hblt2u0kmltn", "fields": {"session_data": ".eJxVjMsOwiAQRf-FtSHSQR4u3fcbyMAMUjWQlHZl_HdD0oVu7znnvkXAfSth77yGhcRVKHH63SKmJ9cB6IH13mRqdVuXKIciD9rl3Ihft8P9OyjYy6gzgjVZU7w4r3IGBq3YOGOziYw8ZQ_GRgSE80QEGpRCSGSTYdTeic8X_hE4aw:1pJXQ0:DCkfn6O1ZETFxKcFfTi3wIiaE93gZBKyPm4IWzA0OGA", "expire_date": "2023-02-05T10:17:44.898Z"}}, {"model": "authtoken.token", "pk": "03142ab0737da699429bceba4aff16279986167e", "fields": {"user": 1, "created": "2023-01-17T03:13:39.531Z"}}, {"model": "authtoken.token", "pk": "03fbe56adb083ffcc36d075aaa81dabb1c96abfc", "fields": {"user": 10, "created": "2023-01-17T05:02:44.194Z"}}, {"model": "authtoken.token", "pk": "1d3d37e11214dc92cc0660d9a5080873a44375db", "fields": {"user": 25, "created": "2023-01-19T05:05:58.417Z"}}, {"model": "authtoken.token", "pk": "1e58e4e3b57b42d0b9845e786a6c103cba879512", "fields": {"user": 14, "created": "2023-01-17T15:18:58.398Z"}}, {"model": "authtoken.token", "pk": "1ed7b7cca4adcca2fdf8b8d5956e37925910d4ae", "fields": {"user": 17, "created": "2023-01-18T18:01:59.410Z"}}, {"model": "authtoken.token", "pk": "22b890dfda4039cf8ed1d9e4219e5bd2a1a6805d", "fields": {"user": 23, "created": "2023-01-18T18:53:16.788Z"}}, {"model": "authtoken.token", "pk": "2686d4d0d7ae448dcf31a3e3099b92a75d952f04", "fields": {"user": 51, "created": "2023-01-21T08:20:57.088Z"}}, {"model": "authtoken.token", "pk": "2a1a44526e5c9fdb108ea48d93e679578d03f67f", "fields": {"user": 48, "created": "2023-01-21T07:55:34.370Z"}}, {"model": "authtoken.token", "pk": "2c991ad7d5251f4632d2b5f3ef39880fc7077e83", "fields": {"user": 42, "created": "2023-01-21T07:29:36.058Z"}}, {"model": "authtoken.token", "pk": "36750b4d6ee477efe1203b39189de749b0be08c4", "fields": {"user": 20, "created": "2023-01-18T18:15:40.110Z"}}, {"model": "authtoken.token", "pk": "39f27a93ebe4f03b2eba117dd9c8327bfd1bda02", "fields": {"user": 37, "created": "2023-01-21T07:14:44.852Z"}}, {"model": "authtoken.token", "pk": "474ce0f2de6137c99153435234bab2a3925faaf5", "fields": {"user": 47, "created": "2023-01-21T07:54:08.474Z"}}, {"model": "authtoken.token", "pk": "47a0a4f76195aea36cf262133a298f89fd6a65dc", "fields": {"user": 24, "created": "2023-01-18T19:04:14.132Z"}}, {"model": "authtoken.token", "pk": "491c639bbb5cc1eab810aebf55cc02178f8a4406", "fields": {"user": 40, "created": "2023-01-21T07:25:48.499Z"}}, {"model": "authtoken.token", "pk": "4dea8e5db943bf74630cfccbfd99899d67e7273d", "fields": {"user": 35, "created": "2023-01-21T07:09:00.689Z"}}, {"model": "authtoken.token", "pk": "50af8d8e124c1f308fef07108a1ac35fabe685cc", "fields": {"user": 41, "created": "2023-01-21T07:27:59.823Z"}}, {"model": "authtoken.token", "pk": "52fad70f012628897d5c2323eb83e6769a2a6c27", "fields": {"user": 33, "created": "2023-01-19T07:13:08.482Z"}}, {"model": "authtoken.token", "pk": "531bd74ae1ddca5297f7e27c21621845c0c07b5d", "fields": {"user": 54, "created": "2023-01-21T08:26:16.458Z"}}, {"model": "authtoken.token", "pk": "5665cfd69726a2c52fbb9302de1aa37a5aa415dc", "fields": {"user": 36, "created": "2023-01-21T07:11:10.879Z"}}, {"model": "authtoken.token", "pk": "5bb288addb9a28ec1ac60412b15766abead7cd3a", "fields": {"user": 32, "created": "2023-01-19T06:31:30.134Z"}}, {"model": "authtoken.token", "pk": "5de0dfc4ba0bc84d3ef5e2b4511a0d8d7174ccf4", "fields": {"user": 19, "created": "2023-01-18T18:10:49.543Z"}}, {"model": "authtoken.token", "pk": "758bddaca669d3db54682b86e0113501e8efdd14", "fields": {"user": 59, "created": "2023-01-22T13:11:21.679Z"}}, {"model": "authtoken.token", "pk": "759497dfb609f0129f9026f07a268122890b1262", "fields": {"user": 31, "created": "2023-01-19T06:30:57.062Z"}}, {"model": "authtoken.token", "pk": "7d8f5b73077193929e1337d6fd495b166130d2a0", "fields": {"user": 43, "created": "2023-01-21T07:33:23.031Z"}}, {"model": "authtoken.token", "pk": "7f2354f3dccce42537bd83ed8f99cf06ee138675", "fields": {"user": 18, "created": "2023-01-18T18:05:27.760Z"}}, {"model": "authtoken.token", "pk": "8d19e66cad5611f7cdf8018fa8dbbcdd8a50ab60", "fields": {"user": 34, "created": "2023-01-21T07:06:55.002Z"}}, {"model": "authtoken.token", "pk": "9b6a23414a95533f742d77584cdde28bb0b2ff1f", "fields": {"user": 15, "created": "2023-01-18T16:09:01.190Z"}}, {"model": "authtoken.token", "pk": "9c792b1e70429184255b03d9e056624da13a3267", "fields": {"user": 26, "created": "2023-01-19T05:07:12.116Z"}}, {"model": "authtoken.token", "pk": "9efe44f8e8a5328922d1b9fa012e0683b281ac3a", "fields": {"user": 30, "created": "2023-01-19T06:30:05.297Z"}}, {"model": "authtoken.token", "pk": "a1ea9a19a575b1d314dd71c47c5b991512ddbe96", "fields": {"user": 12, "created": "2023-01-17T14:20:02.158Z"}}, {"model": "authtoken.token", "pk": "a2f231e92a5205fe4b790602bf736840e2287ca1", "fields": {"user": 38, "created": "2023-01-21T07:17:25.583Z"}}, {"model": "authtoken.token", "pk": "a65e811e171177fb94ac9a09a223f8ff53644e9d", "fields": {"user": 28, "created": "2023-01-19T05:43:38.923Z"}}, {"model": "authtoken.token", "pk": "a6f3fee7908937c6a4dbe94a4fe6e805ae36eaca", "fields": {"user": 9, "created": "2023-01-17T03:56:52.793Z"}}, {"model": "authtoken.token", "pk": "a8d4d0a23252a62b637b1d37a7fa3c02d58cb7b7", "fields": {"user": 52, "created": "2023-01-21T08:23:22.759Z"}}, {"model": "authtoken.token", "pk": "aaa90ee03f238f621ee3409d1da0d1298d695f63", "fields": {"user": 57, "created": "2023-01-21T09:03:06.374Z"}}, {"model": "authtoken.token", "pk": "aad99bb90f45624713947ee519aecd38831785cb", "fields": {"user": 50, "created": "2023-01-21T07:59:31.257Z"}}, {"model": "authtoken.token", "pk": "abde77734163d4bc5af2cf19148bea3723d104e0", "fields": {"user": 55, "created": "2023-01-21T08:59:30.111Z"}}, {"model": "authtoken.token", "pk": "b0d9ad163cfbd1b4dfa452af27d6b239b42bf624", "fields": {"user": 44, "created": "2023-01-21T07:35:02.787Z"}}, {"model": "authtoken.token", "pk": "b32cded728f520315ea687d4b6574102807d75c4", "fields": {"user": 13, "created": "2023-01-17T14:20:28.119Z"}}, {"model": "authtoken.token", "pk": "bc8bdef2dd318c6220438526896a93cb7aca6b10", "fields": {"user": 16, "created": "2023-01-18T17:59:42.709Z"}}, {"model": "authtoken.token", "pk": "c28928403fec875dcad4ccb7e608017e61d35aff", "fields": {"user": 39, "created": "2023-01-21T07:24:18.240Z"}}, {"model": "authtoken.token", "pk": "ca2e31b15f14a8118603aba1be22d62fb5ce3279", "fields": {"user": 2, "created": "2023-01-17T13:27:06.507Z"}}, {"model": "authtoken.token", "pk": "cbbd135bfee3b8e08ae7e7e9b5fde0d627e9862a", "fields": {"user": 22, "created": "2023-01-18T18:49:59.815Z"}}, {"model": "authtoken.token", "pk": "d0eec34584a73f72d4d789b96fdcbc4a328a3305", "fields": {"user": 45, "created": "2023-01-21T07:36:43.988Z"}}, {"model": "authtoken.token", "pk": "d2eab4c6e5736044dc9d38c4b108d880a10a3774", "fields": {"user": 3, "created": "2023-01-20T14:55:27.151Z"}}, {"model": "authtoken.token", "pk": "d9cfb316c3ec33d6e3d0f158c593988c36f75678", "fields": {"user": 21, "created": "2023-01-18T18:26:14.618Z"}}, {"model": "authtoken.token", "pk": "dee8b55555f7c468ae8af3dbce85b74c1c9ee6c8", "fields": {"user": 27, "created": "2023-01-19T05:08:47.140Z"}}, {"model": "authtoken.token", "pk": "e473eb47ab4f47c259dfe9154eafafd8beb40b91", "fields": {"user": 49, "created": "2023-01-21T07:57:47.967Z"}}, {"model": "authtoken.token", "pk": "e7d82a03b12edfdb7a5184c6ce0dab2b6a2a5f92", "fields": {"user": 58, "created": "2023-01-21T09:03:57.606Z"}}, {"model": "authtoken.token", "pk": "edb0fab2f81ad04d57ed26d9ed5c01128df3f1e5", "fields": {"user": 11, "created": "2023-01-17T14:15:05.078Z"}}, {"model": "authtoken.token", "pk": "ee6aa31e9e908a95da8b8f6f3b7eb822991ae477", "fields": {"user": 46, "created": "2023-01-21T07:40:55.753Z"}}, {"model": "authtoken.token", "pk": "ee9cf34e217bd7e2dbedc76370c533031842c959", "fields": {"user": 29, "created": "2023-01-19T06:16:54.247Z"}}, {"model": "authtoken.token", "pk": "f526957ac70d89cdd2d36fa691fc25acc6b75a33", "fields": {"user": 53, "created": "2023-01-21T08:24:48.231Z"}}, {"model": "authtoken.token", "pk": "f9c0fd9de6817cd156b0b471cc21f55949e67692", "fields": {"user": 56, "created": "2023-01-21T09:01:07.852Z"}}, {"model": "webapp.profile", "pk": 1, "fields": {"user": 1, "contact": "+6016-4217372", "is_freelancer": true, "profile_image": "profileImages/Switch_4K_hSSYvir.jpg"}}, {"model": "webapp.profile", "pk": 2, "fields": {"user": 2, "contact": "0165150298", "is_freelancer": false, "profile_image": "profileImages/pexels-tima-miroshnichenko-7567523.jpg"}}, {"model": "webapp.profile", "pk": 3, "fields": {"user": 3, "contact": "016-1234567", "is_freelancer": true, "profile_image": "profileImages/user.png"}}, {"model": "webapp.profile", "pk": 4, "fields": {"user": 4, "contact": "012-3456789", "is_freelancer": true, "profile_image": "profileImages/freelancer.png"}}, {"model": "webapp.profile", "pk": 5, "fields": {"user": 5, "contact": null, "is_freelancer": null, "profile_image": ""}}, {"model": "webapp.profile", "pk": 6, "fields": {"user": 6, "contact": null, "is_freelancer": null, "profile_image": ""}}, {"model": "webapp.profile", "pk": 7, "fields": {"user": 7, "contact": null, "is_freelancer": null, "profile_image": ""}}, {"model": "webapp.profile", "pk": 8, "fields": {"user": 8, "contact": null, "is_freelancer": null, "profile_image": ""}}, {"model": "webapp.profile", "pk": 9, "fields": {"user": 9, "contact": null, "is_freelancer": null, "profile_image": ""}}, {"model": "webapp.profile", "pk": 10, "fields": {"user": 10, "contact": null, "is_freelancer": null, "profile_image": ""}}, {"model": "webapp.profile", "pk": 11, "fields": {"user": 11, "contact": null, "is_freelancer": null, "profile_image": ""}}, {"model": "webapp.profile", "pk": 12, "fields": {"user": 12, "contact": null, "is_freelancer": null, "profile_image": ""}}, {"model": "webapp.profile", "pk": 13, "fields": {"user": 13, "contact": null, "is_freelancer": null, "profile_image": ""}}, {"model": "webapp.profile", "pk": 14, "fields": {"user": 14, "contact": null, "is_freelancer": null, "profile_image": ""}}, {"model": "webapp.profile", "pk": 15, "fields": {"user": 15, "contact": null, "is_freelancer": null, "profile_image": ""}}, {"model": "webapp.profile", "pk": 16, "fields": {"user": 16, "contact": null, "is_freelancer": null, "profile_image": ""}}, {"model": "webapp.profile", "pk": 17, "fields": {"user": 17, "contact": "+016-4218190", "is_freelancer": null, "profile_image": "profileImages/Avatar_zy7WusC.jpg"}}, {"model": "webapp.profile", "pk": 18, "fields": {"user": 18, "contact": "+016-4218190", "is_freelancer": null, "profile_image": "profileImages/Avatar_bBnDtOW.jpg"}}, {"model": "webapp.profile", "pk": 19, "fields": {"user": 19, "contact": null, "is_freelancer": null, "profile_image": ""}}, {"model": "webapp.profile", "pk": 20, "fields": {"user": 20, "contact": "+016-4218190", "is_freelancer": false, "profile_image": "profileImages/Low_Poly_Mountain_Landscape_ogWBqSB.jpg"}}, {"model": "webapp.profile", "pk": 21, "fields": {"user": 21, "contact": "+6016-2019102", "is_freelancer": null, "profile_image": "{}"}}, {"model": "webapp.profile", "pk": 22, "fields": {"user": 22, "contact": "+6016-2834191", "is_freelancer": null, "profile_image": "{}"}}, {"model": "webapp.profile", "pk": 23, "fields": {"user": 23, "contact": "+6016-4129123", "is_freelancer": null, "profile_image": "{}"}}, {"model": "webapp.profile", "pk": 24, "fields": {"user": 24, "contact": "+6016-1241291", "is_freelancer": null, "profile_image": "{}"}}, {"model": "webapp.profile", "pk": 25, "fields": {"user": 25, "contact": "+6016-4217372", "is_freelancer": null, "profile_image": "{}"}}, {"model": "webapp.profile", "pk": 26, "fields": {"user": 26, "contact": "016-4217372", "is_freelancer": null, "profile_image": "{}"}}, {"model": "webapp.profile", "pk": 27, "fields": {"user": 27, "contact": "+016-4218190", "is_freelancer": true, "profile_image": "profileImages/Avatar_9Yzeo1J.jpg"}}, {"model": "webapp.profile", "pk": 28, "fields": {"user": 28, "contact": "+6016-4217372", "is_freelancer": null, "profile_image": "profileImages/Genshin_Impact_1.jpg"}}, {"model": "webapp.profile", "pk": 29, "fields": {"user": 29, "contact": "+6016-4217372", "is_freelancer": true, "profile_image": "profileImages/Genshin_Impact_1_MD75n1R.jpg"}}, {"model": "webapp.profile", "pk": 30, "fields": {"user": 30, "contact": "+6016-4217372", "is_freelancer": null, "profile_image": "profileImages/Low_Poly_Mountain_Landscape_LiI2JM5.jpg"}}, {"model": "webapp.profile", "pk": 31, "fields": {"user": 31, "contact": "+6016-4217372", "is_freelancer": null, "profile_image": "profileImages/Low_Poly_Mountain_Landscape_VrS7m0D.jpg"}}, {"model": "webapp.profile", "pk": 32, "fields": {"user": 32, "contact": "+6016-4217372", "is_freelancer": null, "profile_image": "profileImages/Low_Poly_Mountain_Landscape_QroFTTy.jpg"}}, {"model": "webapp.profile", "pk": 33, "fields": {"user": 33, "contact": "016-32190123", "is_freelancer": true, "profile_image": "profileImages/Switch_4K.jpg"}}, {"model": "webapp.profile", "pk": 34, "fields": {"user": 34, "contact": "+6016-4217372", "is_freelancer": true, "profile_image": "undefined"}}, {"model": "webapp.profile", "pk": 35, "fields": {"user": 35, "contact": "+6016-4217372", "is_freelancer": true, "profile_image": "undefined"}}, {"model": "webapp.profile", "pk": 36, "fields": {"user": 36, "contact": "+6016-4217372", "is_freelancer": true, "profile_image": "undefined"}}, {"model": "webapp.profile", "pk": 37, "fields": {"user": 37, "contact": "+6016-4217372", "is_freelancer": true, "profile_image": "undefined"}}, {"model": "webapp.profile", "pk": 38, "fields": {"user": 38, "contact": "+6016-4217372", "is_freelancer": true, "profile_image": "undefined"}}, {"model": "webapp.profile", "pk": 39, "fields": {"user": 39, "contact": "+6016-4217372", "is_freelancer": true, "profile_image": "undefined"}}, {"model": "webapp.profile", "pk": 40, "fields": {"user": 40, "contact": "+6016-4217372", "is_freelancer": true, "profile_image": "undefined"}}, {"model": "webapp.profile", "pk": 41, "fields": {"user": 41, "contact": "+6016-4217372", "is_freelancer": true, "profile_image": "undefined"}}, {"model": "webapp.profile", "pk": 42, "fields": {"user": 42, "contact": "+6016-4217372", "is_freelancer": true, "profile_image": "undefined"}}, {"model": "webapp.profile", "pk": 43, "fields": {"user": 43, "contact": "+6016-4217372", "is_freelancer": true, "profile_image": "undefined"}}, {"model": "webapp.profile", "pk": 44, "fields": {"user": 44, "contact": "+6016-4217372", "is_freelancer": true, "profile_image": "undefined"}}, {"model": "webapp.profile", "pk": 45, "fields": {"user": 45, "contact": "+6016-4217372", "is_freelancer": true, "profile_image": "undefined"}}, {"model": "webapp.profile", "pk": 46, "fields": {"user": 46, "contact": "+6016-4217372", "is_freelancer": true, "profile_image": "undefined"}}, {"model": "webapp.profile", "pk": 47, "fields": {"user": 47, "contact": "+6016-4217372", "is_freelancer": true, "profile_image": "undefined"}}, {"model": "webapp.profile", "pk": 48, "fields": {"user": 48, "contact": "016-32190123", "is_freelancer": true, "profile_image": "undefined"}}, {"model": "webapp.profile", "pk": 49, "fields": {"user": 49, "contact": "+6016-4217372", "is_freelancer": true, "profile_image": "profileImages/Switch_4K_jhFgclw.jpg"}}, {"model": "webapp.profile", "pk": 50, "fields": {"user": 50, "contact": "016-32190123", "is_freelancer": true, "profile_image": "profileImages/Switch_4K_ZvYJokC.jpg"}}, {"model": "webapp.profile", "pk": 51, "fields": {"user": 51, "contact": "+6016-4217372", "is_freelancer": true, "profile_image": "profileImages/Earth_extended.jpg"}}, {"model": "webapp.profile", "pk": 52, "fields": {"user": 52, "contact": "+6016-4217372", "is_freelancer": true, "profile_image": "profileImages/Genshin_Impact_1_bTw4Kz6.jpg"}}, {"model": "webapp.profile", "pk": 53, "fields": {"user": 53, "contact": "+6016-4217372", "is_freelancer": true, "profile_image": "profileImages/Genshin_Impact_1_HZe2wnF.jpg"}}, {"model": "webapp.profile", "pk": 54, "fields": {"user": 54, "contact": "+6016-4217372", "is_freelancer": false, "profile_image": "profileImages/Switch_4K_3bUyaoe.jpg"}}, {"model": "webapp.profile", "pk": 55, "fields": {"user": 55, "contact": "+6016-4217372", "is_freelancer": true, "profile_image": "profileImages/Genshin_Impact_1_qsC7byt.jpg"}}, {"model": "webapp.profile", "pk": 56, "fields": {"user": 56, "contact": "+6016-4217372", "is_freelancer": true, "profile_image": "profileImages/Genshin_Impact_1_hvrQUe7.jpg"}}, {"model": "webapp.profile", "pk": 57, "fields": {"user": 57, "contact": "+6016-4217372", "is_freelancer": true, "profile_image": "profileImages/Low_Poly_Mountain_Landscape_HuSq0fz.jpg"}}, {"model": "webapp.profile", "pk": 58, "fields": {"user": 58, "contact": "+6016-4217372", "is_freelancer": true, "profile_image": "profileImages/Low_Poly_Mountain_Landscape_37DUvpa.jpg"}}, {"model": "webapp.profile", "pk": 59, "fields": {"user": 59, "contact": "+6016-4217372", "is_freelancer": true, "profile_image": "profileImages/Low_Poly_Mountain_Landscape_DuDdAb3.jpg"}}, {"model": "webapp.freelancer", "pk": 1, "fields": {"profile": 1, "skillset": " Software Development,Web Development", "introduction": "I am a data scientist.", "linkedin_url": "https://www.linkedin.com/in/tan-chi-feng/", "facebook_url": "https://www.facebook.com/tan.chifeng/", "github_url": "https://github.com/cftan925"}}, {"model": "webapp.freelancer", "pk": 2, "fields": {"profile": 3, "skillset": "Software Development, Digital Marketing, Data Science", "introduction": "I am a data scientist too!", "linkedin_url": "", "facebook_url": "", "github_url": ""}}, {"model": "webapp.freelancer", "pk": 3, "fields": {"profile": 4, "skillset": "Programme Management, Database", "introduction": "I am a program manger.", "linkedin_url": "", "facebook_url": "", "github_url": ""}}, {"model": "webapp.freelancer", "pk": 4, "fields": {"profile": 27, "skillset": "Testing", "introduction": "Testing", "linkedin_url": null, "facebook_url": null, "github_url": null}}, {"model": "webapp.freelancer", "pk": 5, "fields": {"profile": 29, "skillset": "Testing", "introduction": "", "linkedin_url": "https://www.linkedin.com/in/tan-chi-feng/", "facebook_url": "https://www.facebook.com/tan.chifeng/", "github_url": "https://github.com/cftan925"}}, {"model": "webapp.freelancer", "pk": 6, "fields": {"profile": 36, "skillset": "Testing", "introduction": "", "linkedin_url": "https://www.linkedin.com/in/tan-chi-feng/", "facebook_url": "https://www.facebook.com/tan.chifeng/", "github_url": "https://github.com/cftan925"}}, {"model": "webapp.freelancer", "pk": 7, "fields": {"profile": 38, "skillset": "Testing,Testing2,Testing3", "introduction": "", "linkedin_url": "https://www.linkedin.com/in/tan-chi-feng/", "facebook_url": "https://www.facebook.com/tan.chifeng/", "github_url": "https://github.com/cftan925"}}, {"model": "webapp.freelancer", "pk": 8, "fields": {"profile": 46, "skillset": "Software Development,Data Analytics,Web Development", "introduction": "", "linkedin_url": "https://www.linkedin.com/in/tan-chi-feng/", "facebook_url": "https://www.facebook.com/tan.chifeng/", "github_url": "https://github.com/cftan925"}}, {"model": "webapp.freelancer", "pk": 9, "fields": {"profile": 47, "skillset": "Software Development,Data Analytics,Web Development", "introduction": "", "linkedin_url": "https://www.linkedin.com/in/tan-chi-feng/", "facebook_url": "https://www.facebook.com/tan.chifeng/", "github_url": "https://github.com/cftan925"}}, {"model": "webapp.freelancer", "pk": 10, "fields": {"profile": 48, "skillset": "Software Development,Data Analytics,Mobile Development", "introduction": "", "linkedin_url": "https://www.linkedin.com/in/tan-chi-feng/", "facebook_url": "https://www.facebook.com/tan.chifeng/", "github_url": "https://github.com/cftan925"}}, {"model": "webapp.freelancer", "pk": 11, "fields": {"profile": 50, "skillset": "Software Development,Digital Marketing", "introduction": "", "linkedin_url": "https://www.linkedin.com/in/tan-chi-feng/", "facebook_url": "https://www.facebook.com/tan.chifeng/", "github_url": "https://github.com/cftan925"}}, {"model": "webapp.freelancer", "pk": 12, "fields": {"profile": 52, "skillset": "Software Development,Data Analytics", "introduction": "", "linkedin_url": "https://www.linkedin.com/in/tan-chi-feng/", "facebook_url": "https://www.facebook.com/tan.chifeng/", "github_url": "https://github.com/cftan925"}}, {"model": "webapp.freelancer", "pk": 13, "fields": {"profile": 53, "skillset": "Software Development", "introduction": "", "linkedin_url": "https://www.linkedin.com/in/tan-chi-feng/", "facebook_url": "https://www.facebook.com/tan.chifeng/", "github_url": "https://github.com/cftan925"}}, {"model": "webapp.freelancer", "pk": 14, "fields": {"profile": 56, "skillset": "Software Development,Data Analytics,Digital Marketing", "introduction": "", "linkedin_url": "https://www.linkedin.com/in/tan-chi-feng/", "facebook_url": "https://www.facebook.com/tan.chifeng/", "github_url": "https://github.com/cftan925"}}, {"model": "webapp.freelancer", "pk": 15, "fields": {"profile": 57, "skillset": "Software Development,Data Analytics,Graphic Design", "introduction": "", "linkedin_url": "https://www.linkedin.com/in/tan-chi-feng/", "facebook_url": "https://www.facebook.com/tan.chifeng/", "github_url": "https://github.com/cftan925"}}, {"model": "webapp.freelancer", "pk": 16, "fields": {"profile": 58, "skillset": "Software Development,Digital Marketing,Graphic Design", "introduction": "", "linkedin_url": "https://www.linkedin.com/in/tan-chi-feng/", "facebook_url": "https://www.facebook.com/tan.chifeng/", "github_url": "https://github.com/cftan925"}}, {"model": "webapp.freelancer", "pk": 18, "fields": {"profile": 59, "skillset": "Copywriting,Game Development,Mobile Development", "introduction": "", "linkedin_url": "https://www.linkedin.com/in/tan-chi-feng/", "facebook_url": "https://www.facebook.com/tan.chifeng/", "github_url": "https://github.com/cftan925"}}, {"model": "webapp.service", "pk": 2, "fields": {"freelancerID": 1, "title": "Marketing", "description": "I help you to market your product", "image": "serviceImages/firmbee-com-gcsNOsPEXfs-unsplash.jpg", "price": 5500.0, "created_date": "2023-01-07T03:29:19.926Z", "updated_date": "2023-01-08T16:48:35.858Z"}}, {"model": "webapp.service", "pk": 3, "fields": {"freelancerID": 2, "title": "Business Analysis", "description": "I am User1, I do business analysis for a living", "image": "serviceImages/marvin-meyer-SYTO3xs06fU-unsplash.jpg", "price": 4500.0, "created_date": "2023-01-07T06:21:46.102Z", "updated_date": "2023-01-08T16:49:09.153Z"}}, {"model": "webapp.service", "pk": 4, "fields": {"freelancerID": 1, "title": "Web Design", "description": "I can do web design for you.", "image": "serviceImages/Avatar.jpg", "price": 1000.0, "created_date": "2023-01-18T17:25:51.537Z", "updated_date": "2023-01-18T17:25:51.537Z"}}, {"model": "webapp.service", "pk": 5, "fields": {"freelancerID": 16, "title": "House Cleaning", "description": "I can help u to clean your house", "image": "serviceImages/City.jpg", "price": 5000.0, "created_date": "2023-01-21T15:48:29.058Z", "updated_date": "2023-01-21T15:48:29.058Z"}}, {"model": "webapp.booking", "pk": 2, "fields": {"userID": 2, "serviceID": 2, "rating": 4, "review": "Chi Feng helps to market my product decently.", "remark": "Lorem Ipsum is simply dummy text of the printing and typesetting industry. Lorem Ipsum has been the industry standard dummy text ever since the 1500s, when an unknown printer took a galley of type and scrambled it to make a type specimen book. It has survived not only five centuries, but also the leap into electronic typesetting, remaining essentially unchanged. It was popularised in the 1960s with the release of Letraset sh", "status": "Pending", "created_date": "2023-01-07T03:32:44.774Z", "updated_date": "2023-01-07T03:32:44.774Z"}}, {"model": "webapp.booking", "pk": 3, "fields": {"userID": 20, "serviceID": 5, "rating": 5, "review": "Good cleaner", "remark": "Lorem Ipsum is simply dummy text of the printing and typesetting industry. Lorem Ipsum has been the industry standard dummy text ever since the 1500s, when an unknown printer took a galley of type and scrambled it to make a type specimen book. It has survived not only five centuries, but also the leap into electronic typesetting, remaining essentially unchanged. It was popularised in the 1960s with the release of Letraset sh", "status": "Pending", "created_date": "2023-01-21T15:49:05.589Z", "updated_date": "2023-01-21T15:49:05.589Z"}}, {"model": "webapp.booking", "pk": 4, "fields": {"userID": 20, "serviceID": 5, "rating": 5, "review": "Chi Feng is a good developer, he fulfilled all the requirements that i wanted", "remark": "Lorem Ipsum is simply dummy text of the printing and typesetting industry. Lorem Ipsum has been the industry standard dummy text ever since the 1500s, when an unknown printer took a galley of type and scrambled it to make a type specimen book. It has survived not only five centuries, but also the leap into electronic typesetting, remaining essentially unchanged. It was popularised in the 1960s with the release of Letraset sh", "status": "Cancelled", "created_date": "2023-01-21T18:54:23.011Z", "updated_date": "2023-01-22T17:04:26.988Z"}}, {"model": "webapp.booking", "pk": 5, "fields": {"userID": 1, "serviceID": 2, "rating": 1, "review": null, "remark": "Test submit booking", "status": "Pending", "created_date": "2023-01-22T17:52:07.986Z", "updated_date": "2023-01-22T17:52:07.986Z"}}, {"model": "webapp.booking", "pk": 6, "fields": {"userID": 20, "serviceID": 5, "rating": 5, "review": null, "remark": "Please clean", "status": "Pending", "created_date": "2023-01-22T18:09:26.512Z", "updated_date": "2023-01-22T18:09:26.512Z"}}, {"model": "webapp.booking", "pk": 7, "fields": {"userID": 20, "serviceID": 5, "rating": 5, "review": null, "remark": "Please", "status": "Pending", "created_date": "2023-01-22T18:10:43.426Z", "updated_date": "2023-01-22T18:10:43.426Z"}}, {"model": "webapp.notification", "pk": 7, "fields": {"booking_ID": 4, "to_userID": 20, "message": "You have cancelled to book for House Cleaning service.", "created_date": "2023-01-22T17:04:27.021Z", "status": "Unread"}}, {"model": "webapp.notification", "pk": 8, "fields": {"booking_ID": 4, "to_userID": 58, "message": "newuser15 have cancelled to book for your House Cleaning service.", "created_date": "2023-01-22T17:04:27.026Z", "status": "Unread"}}]